building_type,roof_height_ft,Te_s,alpha1,alpha2
W1,14.0,0.35,0.75,0.75
W2,24.0,0.4,0.75,0.75
S1L,24.0,0.5,0.8,0.75
S1M,60.0,1.08,0.8,0.75
S1H,156.0,2.21,0.75,0.6
S2L,24.0,0.4,0.75,0.75
S2M,60.0,0.86,0.75,0.75
S2H,156.0,1.77,0.65,0.6
S3,15.0,0.4,0.75,0.75
S4L,24.0,0.35,0.75,0.75
S4M,60.0,0.65,0.75,0.75
S4H,156.0,1.32,0.65,0.6
S5L,24.0,0.35,0.75,0.75
S5M,60.0,0.65,0.75,0.75
S5H,156.0,1.32,0.65,0.6
C1L,20.0,0.4,0.8,0.75
C1M,50.0,0.75,0.8,0.75
C1H,120.0,1.45,0.75,0.6
C2L,20.0,0.35,0.75,0.75
C2M,50.0,0.56,0.75,0.75
C2H,120.0,1.09,0.65,0.6
C3L,20.0,0.35,0.75,0.75
C3M,50.0,0.56,0.75,0.75
C3H,120.0,1.09,0.65,0.6
PC1,15.0,0.35,0.5,0.75
PC2L,20.0,0.35,0.75,0.75
PC2M,50.0,0.56,0.75,0.75
PC2H,120.0,1.09,0.65,0.6
RM1L,20.0,0.35,0.75,0.75
RM1M,50.0,0.56,0.75,0.75
RM2L,20.0,0.35,0.75,0.75
RM2M,50.0,0.56,0.75,0.75
RM2H,120.0,1.09,0.65,0.6
URML,15.0,0.35,0.5,0.75
URMM,35.0,0.5,0.75,0.75
MH,10.0,0.35,1.0,1.0
