building_type,design_level,Dy_in,Ay_g,Du_in,Au_g
W1,HC,0.48,0.4,11.51,1.2
W2,HC,0.626,0.4,12.528,1.0
S1L,HC,0.611,0.25,14.667,0.749
S1M,HC,1.775,0.156,28.4,0.468
S1H,HC,4.657,0.098,55.884,0.293
S2L,HC,0.626,0.4,10.023,0.8
S2M,HC,2.426,0.333,25.876,0.667
S2H,HC,7.746,0.254,61.965,0.508
S3,HC,0.626,0.4,10.023,0.8
S4L,HC,0.384,0.32,6.906,0.72
S4M,HC,1.092,0.267,13.1,0.6
S4H,HC,3.486,0.203,31.37,0.457
S5L,HC,0.12,0.1,1.199,0.2
S5M,HC,0.341,0.083,2.274,0.167
S5H,HC,1.089,0.063,5.446,0.127
C1L,HC,0.391,0.25,9.387,0.749
C1M,HC,1.152,0.208,18.436,0.624
C1H,HC,2.011,0.098,24.13,0.293
C2L,HC,0.48,0.4,9.592,1.0
C2M,HC,1.038,0.333,13.841,0.833
C2H,HC,2.939,0.254,29.394,0.635
C3L,HC,0.12,0.1,1.349,0.225
C3M,HC,0.26,0.083,1.946,0.188
C3H,HC,0.735,0.063,4.134,0.143
PC1,HC,0.719,0.6,11.51,1.2
PC2L,HC,0.48,0.4,7.673,0.8
PC2M,HC,1.038,0.333,11.073,0.667
PC2H,HC,2.939,0.254,23.515,0.508
RM1L,HC,0.639,0.533,10.229,1.066
RM1M,HC,1.384,0.444,14.76,0.889
RM2L,HC,0.639,0.533,10.229,1.066
RM2M,HC,1.384,0.444,14.76,0.889
RM2H,HC,3.918,0.338,31.346,0.677
URML,HC,0.24,0.2,2.397,0.4
URMM,HC,0.272,0.111,1.812,0.222
MH,HC,0.18,0.15,2.158,0.3
W1,MC,0.36,0.3,6.475,0.9
W2,MC,0.313,0.2,4.698,0.5
S1L,MC,0.306,0.125,5.5,0.375
S1M,MC,0.888,0.078,10.651,0.234
S1H,MC,2.329,0.049,20.957,0.147
S2L,MC,0.313,0.2,3.758,0.4
S2M,MC,1.213,0.167,9.704,0.333
S2H,MC,3.873,0.127,23.237,0.254
S3,MC,0.313,0.2,3.758,0.4
S4L,MC,0.192,0.16,2.59,0.36
S4M,MC,0.546,0.133,4.913,0.3
S4H,MC,1.743,0.102,11.764,0.228
S5L,MC,0.12,0.1,1.199,0.2
S5M,MC,0.341,0.083,2.274,0.167
S5H,MC,1.089,0.063,5.446,0.127
C1L,MC,0.196,0.125,3.52,0.375
C1M,MC,0.576,0.104,6.914,0.312
C1H,MC,1.005,0.049,9.049,0.147
C2L,MC,0.24,0.2,3.597,0.5
C2M,MC,0.519,0.167,5.191,0.417
C2H,MC,1.47,0.127,11.023,0.317
C3L,MC,0.12,0.1,1.349,0.225
C3M,MC,0.26,0.083,1.946,0.188
C3H,MC,0.735,0.063,4.134,0.143
PC1,MC,0.36,0.3,4.316,0.6
PC2L,MC,0.24,0.2,2.878,0.4
PC2M,MC,0.519,0.167,4.153,0.333
PC2H,MC,1.47,0.127,8.818,0.254
RM1L,MC,0.32,0.267,3.836,0.533
RM1M,MC,0.692,0.222,5.535,0.444
RM2L,MC,0.32,0.267,3.836,0.533
RM2M,MC,0.692,0.222,5.535,0.444
RM2H,MC,1.959,0.169,11.755,0.338
URML,MC,0.24,0.2,2.397,0.4
URMM,MC,0.272,0.111,1.812,0.222
MH,MC,0.18,0.15,2.158,0.3
W1,LC,0.24,0.2,4.316,0.6
W2,LC,0.157,0.1,2.349,0.25
S1L,LC,0.153,0.062,2.292,0.187
S1M,LC,0.444,0.039,4.437,0.117
S1H,LC,1.164,0.024,8.732,0.073
S2L,LC,0.157,0.1,1.566,0.2
S2M,LC,0.607,0.083,4.043,0.167
S2H,LC,1.936,0.063,9.682,0.127
S3,LC,0.157,0.1,1.566,0.2
S4L,LC,0.096,0.08,1.079,0.18
S4M,LC,0.273,0.067,2.047,0.15
S4H,LC,0.871,0.051,4.902,0.114
S5L,LC,0.12,0.1,1.199,0.2
S5M,LC,0.341,0.083,2.274,0.167
S5H,LC,1.089,0.063,5.446,0.127
C1L,LC,0.098,0.062,1.467,0.187
C1M,LC,0.288,0.052,2.881,0.156
C1H,LC,0.503,0.024,3.77,0.073
C2L,LC,0.12,0.1,1.499,0.25
C2M,LC,0.26,0.083,2.163,0.208
C2H,LC,0.735,0.063,4.593,0.159
C3L,LC,0.12,0.1,1.349,0.225
C3M,LC,0.26,0.083,1.946,0.188
C3H,LC,0.735,0.063,4.134,0.143
PC1,LC,0.18,0.15,1.798,0.3
PC2L,LC,0.12,0.1,1.199,0.2
PC2M,LC,0.26,0.083,1.73,0.167
PC2H,LC,0.735,0.063,3.674,0.127
RM1L,LC,0.16,0.133,1.598,0.267
RM1M,LC,0.346,0.111,2.306,0.222
RM2L,LC,0.16,0.133,1.598,0.267
RM2M,LC,0.346,0.111,2.306,0.222
RM2H,LC,0.98,0.085,4.898,0.169
URML,LC,0.24,0.2,2.397,0.4
URMM,LC,0.272,0.111,1.812,0.222
MH,LC,0.18,0.15,2.158,0.3
W1,PC,0.24,0.2,4.316,0.6
W2,PC,0.157,0.1,2.349,0.25
S1L,PC,0.153,0.062,2.292,0.187
S1M,PC,0.444,0.039,4.437,0.117
S1H,PC,1.164,0.024,8.732,0.073
S2L,PC,0.157,0.1,1.566,0.2
S2M,PC,0.607,0.083,4.043,0.167
S2H,PC,1.936,0.063,9.682,0.127
S3,PC,0.157,0.1,1.566,0.2
S4L,PC,0.096,0.08,1.079,0.18
S4M,PC,0.273,0.067,2.047,0.15
S4H,PC,0.871,0.051,4.902,0.114
S5L,PC,0.12,0.1,1.199,0.2
S5M,PC,0.341,0.083,2.274,0.167
S5H,PC,1.089,0.063,5.446,0.127
C1L,PC,0.098,0.062,1.467,0.187
C1M,PC,0.288,0.052,2.881,0.156
C1H,PC,0.503,0.024,3.77,0.073
C2L,PC,0.12,0.1,1.499,0.25
C2M,PC,0.26,0.083,2.163,0.208
C2H,PC,0.735,0.063,4.593,0.159
C3L,PC,0.12,0.1,1.349,0.225
C3M,PC,0.26,0.083,1.946,0.188
C3H,PC,0.735,0.063,4.134,0.143
PC1,PC,0.18,0.15,1.798,0.3
PC2L,PC,0.12,0.1,1.199,0.2
PC2M,PC,0.26,0.083,1.73,0.167
PC2H,PC,0.735,0.063,3.674,0.127
RM1L,PC,0.16,0.133,1.598,0.267
RM1M,PC,0.346,0.111,2.306,0.222
RM2L,PC,0.16,0.133,1.598,0.267
RM2M,PC,0.346,0.111,2.306,0.222
RM2H,PC,0.98,0.085,4.898,0.169
URML,PC,0.24,0.2,2.397,0.4
URMM,PC,0.272,0.111,1.812,0.222
MH,PC,0.09,0.075,0.719,0.15
