building_type,design_level,slight_median_sd_in,slight_beta,moderate_median_sd_in,moderate_beta,extensive_median_sd_in,extensive_beta,complete_median_sd_in,complete_beta
W1,HC,0.5,0.85,1.01,0.88,3.15,0.87,6.3,0.94
W2,HC,0.86,0.87,1.73,0.89,5.4,0.96,10.8,0.94
S1L,HC,0.86,0.81,1.73,0.85,5.4,0.77,10.8,0.76
S1M,HC,2.16,0.72,4.32,0.72,13.5,0.72,27.0,0.8
S1H,HC,4.49,0.72,8.99,0.71,28.08,0.74,56.16,0.77
S2L,HC,0.86,0.84,1.73,0.9,5.4,0.97,10.8,0.92
S2M,HC,2.16,0.72,4.32,0.74,13.5,0.75,27.0,0.83
S2H,HC,4.49,0.71,8.99,0.71,28.08,0.72,56.16,0.78
S3,HC,0.54,0.86,1.08,0.88,3.38,0.98,6.75,0.98
S4L,HC,0.86,0.93,1.73,0.95,5.4,1.01,10.8,1.0
S4M,HC,2.16,0.8,4.32,0.75,13.5,0.76,27.0,0.94
S4H,HC,4.49,0.72,8.99,0.72,28.08,0.79,56.16,0.91
S5L,HC,0.86,1.14,1.73,1.04,5.4,0.98,10.8,1.01
S5M,HC,2.16,0.84,4.32,0.95,13.5,1.03,27.0,1.08
S5H,HC,4.49,0.84,8.99,0.96,28.08,1.03,56.16,1.06
C1L,HC,0.72,0.85,1.44,0.88,4.5,0.9,9.0,0.89
C1M,HC,1.8,0.72,3.6,0.73,11.25,0.75,22.5,0.85
C1H,HC,3.46,0.71,6.91,0.71,21.6,0.78,43.2,0.89
C2L,HC,0.72,0.87,1.44,0.87,4.5,0.97,9.0,0.99
C2M,HC,1.8,0.83,3.6,0.82,11.25,0.74,22.5,0.81
C2H,HC,3.46,0.7,6.91,0.72,21.6,0.74,43.2,0.85
C3L,HC,0.72,1.13,1.44,1.08,4.5,0.95,9.0,1.0
C3M,HC,1.8,0.88,3.6,0.92,11.25,1.01,22.5,1.06
C3H,HC,3.46,0.83,6.91,0.96,21.6,1.02,43.2,1.05
PC1,HC,0.54,0.82,1.08,0.91,3.38,0.95,6.75,1.03
PC2L,HC,0.72,0.9,1.44,0.93,4.5,1.03,9.0,1.04
PC2M,HC,1.8,0.87,3.6,0.83,11.25,0.76,22.5,0.9
PC2H,HC,3.46,0.73,6.91,0.73,21.6,0.77,43.2,0.89
RM1L,HC,0.72,0.89,1.44,0.91,4.5,0.97,9.0,1.06
RM1M,HC,1.8,0.82,3.6,0.86,11.25,0.8,22.5,0.81
RM2L,HC,0.72,0.85,1.44,0.87,4.5,0.95,9.0,1.03
RM2M,HC,1.8,0.82,3.6,0.84,11.25,0.76,22.5,0.8
RM2H,HC,3.46,0.71,6.91,0.73,21.6,0.73,43.2,0.85
URML,HC,0.54,1.07,1.08,1.12,3.38,1.17,6.75,1.01
URMM,HC,1.26,0.97,2.52,0.91,7.88,0.98,15.75,1.04
MH,HC,0.48,0.96,0.96,1.05,3.0,1.08,6.0,0.93
W1,MC,0.5,0.89,1.01,0.91,3.15,0.9,6.3,1.04
W2,MC,0.86,0.94,1.73,0.98,5.4,1.0,10.8,0.9
S1L,MC,0.86,0.85,1.73,0.83,5.4,0.79,10.8,0.87
S1M,MC,2.16,0.72,4.32,0.74,13.5,0.85,27.0,0.95
S1H,MC,4.49,0.71,8.99,0.73,28.08,0.84,56.16,0.95
S2L,MC,0.86,0.93,1.73,0.98,5.4,0.96,10.8,0.92
S2M,MC,2.16,0.74,4.32,0.74,13.5,0.85,27.0,0.96
S2H,MC,4.49,0.72,8.99,0.73,28.08,0.81,56.16,0.94
S3,MC,0.54,0.93,1.08,0.98,3.38,1.01,6.75,0.94
S4L,MC,0.86,1.0,1.73,1.05,5.4,1.0,10.8,0.96
S4M,MC,2.16,0.78,4.32,0.8,13.5,0.95,27.0,1.04
S4H,MC,4.49,0.73,8.99,0.82,28.08,0.93,56.16,1.01
S5L,MC,0.86,1.14,1.73,1.04,5.4,0.98,10.8,1.01
S5M,MC,2.16,0.84,4.32,0.95,13.5,1.03,27.0,1.08
S5H,MC,4.49,0.84,8.99,0.96,28.08,1.03,56.16,1.06
C1L,MC,0.72,0.92,1.44,0.96,4.5,0.95,9.0,0.89
C1M,MC,1.8,0.76,3.6,0.76,11.25,0.87,22.5,0.98
C1H,MC,3.46,0.74,6.91,0.81,21.6,0.95,43.2,1.03
C2L,MC,0.72,0.96,1.44,1.0,4.5,1.06,9.0,0.95
C2M,MC,1.8,0.83,3.6,0.81,11.25,0.83,22.5,0.97
C2H,MC,3.46,0.73,6.91,0.76,21.6,0.89,43.2,1.0
C3L,MC,0.72,1.13,1.44,1.08,4.5,0.95,9.0,1.0
C3M,MC,1.8,0.88,3.6,0.92,11.25,1.01,22.5,1.06
C3H,MC,3.46,0.83,6.91,0.96,21.6,1.02,43.2,1.05
PC1,MC,0.54,0.94,1.08,0.99,3.38,1.05,6.75,1.08
PC2L,MC,0.72,1.0,1.44,1.06,4.5,1.07,9.0,0.92
PC2M,MC,1.8,0.86,3.6,0.83,11.25,0.92,22.5,1.0
PC2H,MC,3.46,0.74,6.91,0.79,21.6,0.93,43.2,1.02
RM1L,MC,0.72,1.01,1.44,1.06,4.5,1.11,9.0,1.01
RM1M,MC,1.8,0.89,3.6,0.85,11.25,0.84,22.5,0.98
RM2L,MC,0.72,0.96,1.44,1.02,4.5,1.1,9.0,0.99
RM2M,MC,1.8,0.87,3.6,0.83,11.25,0.82,22.5,0.98
RM2H,MC,3.46,0.73,6.91,0.76,21.6,0.88,43.2,0.99
URML,MC,0.54,1.07,1.08,1.12,3.38,1.17,6.75,1.01
URMM,MC,1.26,0.97,2.52,0.91,7.88,0.98,15.75,1.04
MH,MC,0.48,0.96,0.96,1.05,3.0,1.08,6.0,0.93
W1,LC,0.5,0.98,1.01,1.0,3.15,1.02,6.3,1.09
W2,LC,0.86,1.01,1.73,0.97,5.4,0.93,10.8,1.03
S1L,LC,0.86,0.86,1.73,0.84,5.4,0.88,10.8,1.0
S1M,LC,2.16,0.75,4.32,0.89,13.5,0.99,27.0,1.05
S1H,LC,4.49,0.75,8.99,0.87,28.08,0.97,56.16,1.04
S2L,LC,0.86,1.01,1.73,0.95,5.4,0.94,10.8,1.03
S2M,LC,2.16,0.77,4.32,0.87,13.5,0.99,27.0,1.05
S2H,LC,4.49,0.74,8.99,0.86,28.08,0.97,56.16,1.04
S3,LC,0.54,1.03,1.08,1.02,3.38,0.96,6.75,0.99
S4L,LC,0.86,1.09,1.73,0.99,5.4,0.96,10.8,1.03
S4M,LC,2.16,0.82,4.32,0.96,13.5,1.04,27.0,1.08
S4H,LC,4.49,0.84,8.99,0.95,28.08,1.05,56.16,1.07
S5L,LC,0.86,1.14,1.73,1.04,5.4,0.98,10.8,1.01
S5M,LC,2.16,0.84,4.32,0.95,13.5,1.03,27.0,1.08
S5H,LC,4.49,0.84,8.99,0.96,28.08,1.03,56.16,1.06
C1L,LC,0.72,1.0,1.44,0.96,4.5,0.9,9.0,1.02
C1M,LC,1.8,0.79,3.6,0.88,11.25,0.99,22.5,1.06
C1H,LC,3.46,0.87,6.91,0.96,21.6,1.02,43.2,1.07
C2L,LC,0.72,1.08,1.44,1.05,4.5,0.95,9.0,1.0
C2M,LC,1.8,0.83,3.6,0.87,11.25,1.0,22.5,1.06
C2H,LC,3.46,0.79,6.91,0.92,21.6,1.0,43.2,1.07
C3L,LC,0.72,1.13,1.44,1.08,4.5,0.95,9.0,1.0
C3M,LC,1.8,0.88,3.6,0.92,11.25,1.01,22.5,1.06
C3H,LC,3.46,0.83,6.91,0.96,21.6,1.02,43.2,1.05
PC1,LC,0.54,1.04,1.08,1.1,3.38,1.1,6.75,0.94
PC2L,LC,0.72,1.12,1.44,1.04,4.5,0.93,9.0,1.02
PC2M,LC,1.8,0.86,3.6,0.94,11.25,1.02,22.5,1.07
PC2H,LC,3.46,0.83,6.91,0.94,21.6,1.04,43.2,1.07
RM1L,LC,0.72,1.16,1.44,1.12,4.5,1.03,9.0,0.99
RM1M,LC,1.8,0.89,3.6,0.89,11.25,1.0,22.5,1.05
RM2L,LC,0.72,1.09,1.44,1.08,4.5,1.01,9.0,0.99
RM2M,LC,1.8,0.85,3.6,0.86,11.25,1.0,22.5,1.06
RM2H,LC,3.46,0.79,6.91,0.92,21.6,0.98,43.2,1.07
URML,LC,0.54,1.07,1.08,1.12,3.38,1.17,6.75,1.01
URMM,LC,1.26,0.97,2.52,0.91,7.88,0.98,15.75,1.04
MH,LC,0.48,0.96,0.96,1.05,3.0,1.08,6.0,0.93
W1,PC,0.5,1.07,1.01,1.11,3.15,1.11,6.3,1.15
W2,PC,0.86,1.06,1.73,1.0,5.4,0.93,10.8,1.01
S1L,PC,0.86,0.9,1.73,0.87,5.4,0.91,10.8,1.02
S1M,PC,2.16,0.8,4.32,0.92,13.5,1.0,27.0,1.06
S1H,PC,4.49,0.79,8.99,0.89,28.08,1.0,56.16,1.07
S2L,PC,0.86,1.05,1.73,0.97,5.4,0.96,10.8,1.04
S2M,PC,2.16,0.79,4.32,0.9,13.5,1.02,27.0,1.07
S2H,PC,0.79,8.99,0.0,90.0,28.08,0.99,56.16,1.05
S3,PC,0.54,1.11,1.08,1.05,3.38,0.96,6.75,1.0
S4L,PC,0.86,1.12,1.73,1.01,5.4,0.99,10.8,1.05
S4M,PC,2.16,0.86,4.32,0.98,13.5,1.05,27.0,1.1
S4H,PC,4.49,0.88,8.99,0.99,28.08,1.07,56.16,1.09
S5L,PC,0.86,1.18,1.73,1.06,5.4,0.98,10.8,1.03
S5M,PC,2.16,0.86,4.32,0.99,13.5,1.05,27.0,1.09
S5H,PC,4.49,0.87,8.99,0.91,28.08,1.05,56.16,1.09
C1L,PC,0.72,1.02,1.44,0.98,4.5,0.93,9.0,1.03
C1M,PC,1.8,0.82,3.6,0.91,11.25,1.02,22.5,1.06
C1H,PC,3.46,0.9,6.91,0.99,21.6,1.05,43.2,1.1
C2L,PC,0.72,1.15,1.44,1.08,4.5,0.97,9.0,1.01
C2M,PC,1.8,0.89,3.6,0.9,11.25,1.03,22.5,1.07
C2H,PC,3.46,0.83,6.91,0.96,21.6,1.04,43.2,1.08
C3L,PC,0.72,1.19,1.44,1.11,4.5,0.99,9.0,1.02
C3M,PC,1.8,0.91,3.6,0.95,11.25,1.03,22.5,1.09
C3H,PC,3.46,0.86,6.91,0.9,21.6,1.04,43.2,1.09
PC1,PC,0.54,1.18,1.08,1.16,3.38,1.12,6.75,0.95
PC2L,PC,0.72,1.16,1.44,1.06,4.5,0.96,9.0,1.02
PC2M,PC,1.8,0.87,3.6,0.96,11.25,1.04,22.5,1.08
PC2H,PC,3.46,0.87,6.91,0.98,21.6,1.06,43.2,1.08
RM1L,PC,0.72,1.22,1.44,1.14,4.5,1.03,9.0,1.0
RM1M,PC,1.8,0.93,3.6,0.92,11.25,1.02,22.5,1.07
RM2L,PC,0.72,1.17,1.44,1.12,4.5,1.01,9.0,0.99
RM2M,PC,1.8,0.9,3.6,0.9,11.25,1.01,22.5,1.07
RM2H,PC,3.46,0.82,6.91,0.96,21.6,1.04,43.2,1.08
URML,PC,0.54,1.21,1.08,1.22,3.38,1.22,6.75,1.03
URMM,PC,1.26,0.99,2.52,0.95,7.88,1.0,15.75,1.05
MH,PC,0.48,1.15,0.96,1.09,3.0,0.94,6.0,0.99
