building_type,design_level,slight_median_a_g,slight_beta,moderate_median_a_g,moderate_beta,extensive_median_a_g,extensive_beta,complete_median_a_g,complete_beta
W1,HC,0.3,0.73,0.6,0.69,1.2,0.68,2.4,0.67
W2,HC,0.3,0.71,0.6,0.67,1.2,0.67,2.4,0.68
S1L,HC,0.3,0.67,0.6,0.67,1.2,0.67,2.4,0.66
S1M,HC,0.3,0.67,0.6,0.68,1.2,0.67,2.4,0.67
S1H,HC,0.3,0.69,0.6,0.67,1.2,0.67,2.4,0.67
S2L,HC,0.3,0.67,0.6,0.66,1.2,0.67,2.4,0.67
S2M,HC,0.3,0.69,0.6,0.66,1.2,0.66,2.4,0.66
S2H,HC,0.3,0.68,0.6,0.66,1.2,0.65,2.4,0.65
S3,HC,0.3,0.68,0.6,0.67,1.2,0.66,2.4,0.66
S4L,HC,0.3,0.68,0.6,0.68,1.2,0.67,2.4,0.67
S4M,HC,0.3,0.67,0.6,0.65,1.2,0.66,2.4,0.66
S4H,HC,0.3,0.67,0.6,0.66,1.2,0.65,2.4,0.65
S5L,HC,0.2,0.65,0.4,0.68,0.8,0.67,1.6,0.67
S5M,HC,0.2,0.64,0.4,0.67,0.8,0.66,1.6,0.66
S5H,HC,0.2,0.65,0.4,0.68,0.8,0.68,1.6,0.68
C1L,HC,0.3,0.67,0.6,0.68,1.2,0.67,2.4,0.67
C1M,HC,0.3,0.67,0.6,0.67,1.2,0.66,2.4,0.66
C1H,HC,0.3,0.66,0.6,0.66,1.2,0.66,2.4,0.66
C2L,HC,0.3,0.7,0.6,0.67,1.2,0.66,2.4,0.64
C2M,HC,0.3,0.7,0.6,0.66,1.2,0.65,2.4,0.65
C2H,HC,0.3,0.68,0.6,0.66,1.2,0.65,2.4,0.65
C3L,HC,0.2,0.65,0.4,0.67,0.8,0.66,1.6,0.66
C3M,HC,0.2,0.64,0.4,0.67,0.8,0.66,1.6,0.66
C3H,HC,0.2,0.64,0.4,0.67,0.8,0.67,1.6,0.67
PC1,HC,0.3,0.74,0.6,0.67,1.2,0.67,2.4,0.64
PC2L,HC,0.3,0.69,0.6,0.67,1.2,0.67,2.4,0.67
PC2M,HC,0.3,0.68,0.6,0.65,1.2,0.66,2.4,0.66
PC2H,HC,0.3,0.67,0.6,0.65,1.2,0.65,2.4,0.65
RM1L,HC,0.3,0.71,0.6,0.67,1.2,0.67,2.4,0.63
RM1M,HC,0.3,0.72,0.6,0.66,1.2,0.65,2.4,0.65
RM2L,HC,0.3,0.71,0.6,0.66,1.2,0.67,2.4,0.64
RM2M,HC,0.3,0.72,0.6,0.65,1.2,0.65,2.4,0.65
RM2H,HC,0.3,0.7,0.6,0.65,1.2,0.65,2.4,0.65
URML,HC,0.2,0.69,0.4,0.66,0.8,0.65,1.6,0.65
URMM,HC,0.2,0.64,0.4,0.66,0.8,0.66,1.6,0.66
MH,HC,0.25,0.65,0.5,0.67,1.0,0.67,2.0,0.67
W1,MC,0.25,0.72,0.5,0.68,1.0,0.67,2.0,0.64
W2,MC,0.25,0.68,0.5,0.66,1.0,0.68,2.0,0.68
S1L,MC,0.25,0.67,0.5,0.66,1.0,0.67,2.0,0.67
S1M,MC,0.25,0.66,0.5,0.67,1.0,0.67,2.0,0.67
S1H,MC,0.25,0.66,0.5,0.67,1.0,0.67,2.0,0.67
S2L,MC,0.25,0.66,0.5,0.66,1.0,0.68,2.0,0.68
S2M,MC,0.25,0.66,0.5,0.65,1.0,0.66,2.0,0.66
S2H,MC,0.25,0.66,0.5,0.66,1.0,0.66,2.0,0.66
S3,MC,0.25,0.67,0.5,0.66,1.0,0.65,2.0,0.65
S4L,MC,0.25,0.66,0.5,0.66,1.0,0.66,2.0,0.66
S4M,MC,0.25,0.65,0.5,0.66,1.0,0.65,2.0,0.65
S4H,MC,0.25,0.65,0.5,0.66,1.0,0.66,2.0,0.66
S5L,MC,0.2,0.65,0.4,0.68,0.8,0.67,1.6,0.67
S5M,MC,0.2,0.64,0.4,0.67,0.8,0.66,1.6,0.66
S5H,MC,0.2,0.65,0.4,0.68,0.8,0.68,1.6,0.68
C1L,MC,0.25,0.67,0.5,0.66,1.0,0.66,2.0,0.66
C1M,MC,0.25,0.66,0.5,0.66,1.0,0.63,2.0,0.63
C1H,MC,0.25,0.65,0.5,0.67,1.0,0.67,2.0,0.67
C2L,MC,0.25,0.68,0.5,0.66,1.0,0.67,2.0,0.67
C2M,MC,0.25,0.67,0.5,0.64,1.0,0.66,2.0,0.66
C2H,MC,0.25,0.66,0.5,0.65,1.0,0.65,2.0,0.65
C3L,MC,0.2,0.65,0.4,0.67,0.8,0.66,1.6,0.66
C3M,MC,0.2,0.64,0.4,0.67,0.8,0.66,1.6,0.66
C3H,MC,0.2,0.64,0.4,0.67,0.8,0.67,1.6,0.67
PC1,MC,0.25,0.68,0.5,0.67,1.0,0.66,2.0,0.66
PC2L,MC,0.25,0.66,0.5,0.66,1.0,0.65,2.0,0.65
PC2M,MC,0.25,0.65,0.5,0.65,1.0,0.65,2.0,0.65
PC2H,MC,0.25,0.64,0.5,0.65,1.0,0.65,2.0,0.65
RM1L,MC,0.25,0.69,0.5,0.67,1.0,0.67,2.0,0.67
RM1M,MC,0.25,0.67,0.5,0.64,1.0,0.67,2.0,0.67
RM2L,MC,0.25,0.68,0.5,0.66,1.0,0.67,2.0,0.67
RM2M,MC,0.25,0.67,0.5,0.64,1.0,0.67,2.0,0.67
RM2H,MC,0.25,0.66,0.5,0.64,1.0,0.64,2.0,0.64
URML,MC,0.2,0.69,0.4,0.66,0.8,0.65,1.6,0.65
URMM,MC,0.2,0.64,0.4,0.66,0.8,0.66,1.6,0.66
MH,MC,0.25,0.65,0.5,0.67,1.0,0.67,2.0,0.67
W1,LC,0.2,0.71,0.4,0.68,0.8,0.66,1.6,0.66
W2,LC,0.2,0.67,0.4,0.67,0.8,0.7,1.6,0.7
S1L,LC,0.2,0.65,0.4,0.68,0.8,0.68,1.6,0.68
S1M,LC,0.2,0.66,0.4,0.69,0.8,0.69,1.6,0.69
S1H,LC,0.2,0.67,0.4,0.65,0.8,0.65,1.6,0.65
S2L,LC,0.2,0.65,0.4,0.68,0.8,0.68,1.6,0.68
S2M,LC,0.2,0.64,0.4,0.67,0.8,0.67,1.6,0.67
S2H,LC,0.2,0.65,0.4,0.68,0.8,0.68,1.6,0.68
S3,LC,0.2,0.65,0.4,0.68,0.8,0.68,1.6,0.68
S4L,LC,0.2,0.65,0.4,0.68,0.8,0.68,1.6,0.68
S4M,LC,0.2,0.65,0.4,0.68,0.8,0.68,1.6,0.68
S4H,LC,0.2,0.65,0.4,0.68,0.8,0.68,1.6,0.68
S5L,LC,0.2,0.65,0.4,0.68,0.8,0.67,1.6,0.67
S5M,LC,0.2,0.64,0.4,0.67,0.8,0.66,1.6,0.66
S5H,LC,0.2,0.65,0.4,0.68,0.8,0.68,1.6,0.68
C1L,LC,0.2,0.65,0.4,0.68,0.8,0.68,1.6,0.68
C1M,LC,0.2,0.65,0.4,0.68,0.8,0.68,1.6,0.68
C1H,LC,0.2,0.67,0.4,0.67,0.8,0.67,1.6,0.67
C2L,LC,0.2,0.66,0.4,0.67,0.8,0.66,1.6,0.66
C2M,LC,0.2,0.63,0.4,0.66,0.8,0.65,1.6,0.65
C2H,LC,0.2,0.64,0.4,0.66,0.8,0.66,1.6,0.66
C3L,LC,0.2,0.65,0.4,0.67,0.8,0.66,1.6,0.66
C3M,LC,0.2,0.64,0.4,0.67,0.8,0.66,1.6,0.66
C3H,LC,0.2,0.64,0.4,0.67,0.8,0.67,1.6,0.67
PC1,LC,0.2,0.66,0.4,0.66,0.8,0.66,1.6,0.66
PC2L,LC,0.2,0.65,0.4,0.68,0.8,0.68,1.6,0.68
PC2M,LC,0.2,0.64,0.4,0.67,0.8,0.67,1.6,0.67
PC2H,LC,0.2,0.64,0.4,0.67,0.8,0.67,1.6,0.67
RM1L,LC,0.2,0.66,0.4,0.66,0.8,0.64,1.6,0.64
RM1M,LC,0.2,0.64,0.4,0.66,0.8,0.64,1.6,0.64
RM2L,LC,0.2,0.66,0.4,0.66,0.8,0.64,1.6,0.64
RM2M,LC,0.2,0.64,0.4,0.66,0.8,0.65,1.6,0.65
RM2H,LC,0.2,0.63,0.4,0.66,0.8,0.66,1.6,0.66
URML,LC,0.2,0.69,0.4,0.66,0.8,0.65,1.6,0.65
URMM,LC,0.2,0.64,0.4,0.66,0.8,0.66,1.6,0.66
MH,LC,0.25,0.65,0.5,0.67,1.0,0.67,2.0,0.67
W1,PC,0.2,0.72,0.4,0.7,0.8,0.66,1.6,0.66
W2,PC,0.2,0.66,0.4,0.67,0.8,0.65,1.6,0.65
S1L,PC,0.2,0.66,0.4,0.68,0.8,0.68,1.6,0.68
S1M,PC,0.2,0.66,0.4,0.69,0.8,0.69,1.6,0.69
S1H,PC,0.2,0.67,0.4,0.67,0.8,0.67,1.6,0.67
S2L,PC,0.2,0.65,0.4,0.68,0.8,0.68,1.6,0.68
S2M,PC,0.2,0.65,0.4,0.68,0.8,0.68,1.6,0.68
S2H,PC,0.2,0.66,0.4,0.67,0.8,0.67,1.6,0.67
S3,PC,0.2,0.65,0.4,0.68,0.8,0.68,1.6,0.68
S4L,PC,0.2,0.66,0.4,0.68,0.8,0.68,1.6,0.68
S4M,PC,0.2,0.65,0.4,0.68,0.8,0.68,1.6,0.68
S4H,PC,0.2,0.66,0.4,0.67,0.8,0.67,1.6,0.67
S5L,PC,0.2,0.65,0.4,0.68,0.8,0.68,1.6,0.68
S5M,PC,0.2,0.65,0.4,0.68,0.8,0.68,1.6,0.68
S5H,PC,0.2,0.66,0.4,0.68,0.8,0.68,1.6,0.68
C1L,PC,0.2,0.66,0.4,0.68,0.8,0.68,1.6,0.68
C1M,PC,0.2,0.66,0.4,0.68,0.8,0.68,1.6,0.68
C1H,PC,0.2,0.67,0.4,0.67,0.8,0.67,1.6,0.67
C2L,PC,0.2,0.65,0.4,0.67,0.8,0.67,1.6,0.67
C2M,PC,0.2,0.64,0.4,0.67,0.8,0.67,1.6,0.67
C2H,PC,0.2,0.65,0.4,0.67,0.8,0.67,1.6,0.67
C3L,PC,0.2,0.65,0.4,0.68,0.8,0.68,1.6,0.68
C3M,PC,0.2,0.64,0.4,0.67,0.8,0.67,1.6,0.67
C3H,PC,0.2,0.65,0.4,0.67,0.8,0.67,1.6,0.67
PC1,PC,0.2,0.66,0.4,0.66,0.8,0.66,1.6,0.66
PC2L,PC,0.2,0.65,0.4,0.68,0.8,0.68,1.6,0.68
PC2M,PC,0.2,0.65,0.4,0.67,0.8,0.67,1.6,0.67
PC2H,PC,0.2,0.66,0.4,0.66,0.8,0.66,1.6,0.66
RM1L,PC,0.2,0.66,0.4,0.67,0.8,0.66,1.6,0.66
RM1M,PC,0.2,0.64,0.4,0.66,0.8,0.65,1.6,0.65
RM2L,PC,0.2,0.66,0.4,0.67,0.8,0.67,1.6,0.67
RM2M,PC,0.2,0.64,0.4,0.66,0.8,0.66,1.6,0.66
RM2H,PC,0.2,0.65,0.4,0.66,0.8,0.66,1.6,0.66
URML,PC,0.2,0.69,0.4,0.65,0.8,0.65,1.6,0.65
URMM,PC,0.2,0.64,0.4,0.66,0.8,0.66,1.6,0.66
MH,PC,0.25,0.67,0.5,0.65,1.0,0.65,2.0,0.65
