building_type,design_level,short,moderate,long
W1,HC,1.0,0.8,0.5
W1,MC,0.9,0.6,0.3
W1,LC,0.7,0.4,0.2
W1,PC,0.5,0.3,0.1
W2,HC,0.9,0.6,0.4
W2,MC,0.8,0.4,0.2
W2,LC,0.6,0.3,0.1
W2,PC,0.4,0.2,0.0
S1L,HC,0.9,0.6,0.4
S1L,MC,0.8,0.4,0.2
S1L,LC,0.6,0.3,0.1
S1L,PC,0.4,0.2,0.0
S1M,HC,0.9,0.6,0.4
S1M,MC,0.8,0.4,0.2
S1M,LC,0.6,0.3,0.1
S1M,PC,0.4,0.2,0.2
S1H,HC,0.9,0.6,0.4
S1H,MC,0.8,0.4,0.2
S1H,LC,0.6,0.3,0.1
S1H,PC,0.4,0.2,0.2
S2L,HC,0.7,0.5,0.3
S2L,MC,0.6,0.4,0.2
S2L,LC,0.5,0.3,0.1
S2L,PC,0.4,0.2,0.0
S2M,HC,0.7,0.5,0.3
S2M,MC,0.6,0.4,0.2
S2M,LC,0.5,0.3,0.1
S2M,PC,0.4,0.2,0.0
S2H,HC,0.7,0.5,0.3
S2H,MC,0.6,0.4,0.2
S2H,LC,0.5,0.3,0.1
S2H,PC,0.4,0.2,0.0
S3,HC,0.7,0.5,0.3
S3,MC,0.6,0.4,0.2
S3,LC,0.5,0.3,0.1
S3,PC,0.4,0.2,0.0
S4L,HC,0.7,0.5,0.3
S4L,MC,0.6,0.4,0.2
S4L,LC,0.5,0.3,0.1
S4L,PC,0.4,0.2,0.0
S4M,HC,0.7,0.5,0.3
S4M,MC,0.6,0.4,0.2
S4M,LC,0.5,0.3,0.1
S4M,PC,0.4,0.2,0.0
S4H,HC,0.7,0.5,0.3
S4H,MC,0.6,0.4,0.2
S4H,LC,0.5,0.3,0.1
S4H,PC,0.4,0.2,0.0
S5L,HC,0.5,0.3,0.1
S5L,MC,0.5,0.3,0.1
S5L,LC,0.5,0.3,0.1
S5L,PC,0.4,0.2,0.0
S5M,HC,0.5,0.3,0.1
S5M,MC,0.5,0.3,0.1
S5M,LC,0.5,0.3,0.1
S5M,PC,0.4,0.2,0.0
S5H,HC,0.5,0.3,0.1
S5H,MC,0.5,0.3,0.1
S5H,LC,0.5,0.3,0.1
S5H,PC,0.4,0.2,0.0
C1L,HC,0.9,0.6,0.4
C1L,MC,0.8,0.4,0.2
C1L,LC,0.6,0.3,0.1
C1L,PC,0.4,0.2,0.0
C1M,HC,0.9,0.6,0.4
C1M,MC,0.8,0.4,0.2
C1M,LC,0.6,0.3,0.1
C1M,PC,0.4,0.2,0.0
C1H,HC,0.9,0.6,0.4
C1H,MC,0.8,0.4,0.2
C1H,LC,0.6,0.3,0.1
C1H,PC,0.4,0.2,0.0
C2L,HC,0.9,0.6,0.4
C2L,MC,0.8,0.4,0.2
C2L,LC,0.6,0.3,0.1
C2L,PC,0.4,0.2,0.0
C2M,HC,0.9,0.6,0.4
C2M,MC,0.8,0.4,0.2
C2M,LC,0.6,0.3,0.1
C2M,PC,0.4,0.2,0.0
C2H,HC,0.9,0.6,0.4
C2H,MC,0.8,0.4,0.2
C2H,LC,0.6,0.3,0.1
C2H,PC,0.4,0.2,0.0
C3L,HC,0.5,0.3,0.1
C3L,MC,0.5,0.3,0.1
C3L,LC,0.5,0.3,0.1
C3L,PC,0.4,0.2,0.0
C3M,HC,0.5,0.3,0.1
C3M,MC,0.5,0.3,0.1
C3M,LC,0.5,0.3,0.1
C3M,PC,0.4,0.2,0.0
C3H,HC,0.5,0.3,0.1
C3H,MC,0.5,0.3,0.1
C3H,LC,0.5,0.3,0.1
C3H,PC,0.4,0.2,0.0
PC1,HC,0.7,0.5,0.3
PC1,MC,0.6,0.4,0.2
PC1,LC,0.5,0.3,0.1
PC1,PC,0.4,0.2,0.0
PC2L,HC,0.7,0.5,0.3
PC2L,MC,0.6,0.4,0.2
PC2L,LC,0.5,0.3,0.1
PC2L,PC,0.4,0.2,0.0
PC2M,HC,0.7,0.5,0.3
PC2M,MC,0.6,0.4,0.2
PC2M,LC,0.5,0.3,0.1
PC2M,PC,0.4,0.2,0.0
PC2H,HC,0.7,0.5,0.3
PC2H,MC,0.6,0.4,0.2
PC2H,LC,0.5,0.3,0.1
PC2H,PC,0.4,0.2,0.0
RM1L,HC,0.9,0.6,0.4
RM1L,MC,0.8,0.4,0.2
RM1L,LC,0.6,0.3,0.1
RM1L,PC,0.4,0.2,0.0
RM1M,HC,0.9,0.6,0.4
RM1M,MC,0.8,0.4,0.2
RM1M,LC,0.6,0.3,0.1
RM1M,PC,0.4,0.2,0.0
RM2L,HC,0.9,0.6,0.4
RM2L,MC,0.8,0.4,0.2
RM2L,LC,0.6,0.3,0.1
RM2L,PC,0.4,0.2,0.0
RM2M,HC,0.9,0.6,0.4
RM2M,MC,0.8,0.4,0.2
RM2M,LC,0.6,0.3,0.1
RM2M,PC,0.4,0.2,0.0
RM2H,HC,0.9,0.6,0.4
RM2H,MC,0.8,0.4,0.2
RM2H,LC,0.6,0.3,0.1
RM2H,PC,0.4,0.2,0.0
URML,HC,0.5,0.3,0.1
URML,MC,0.5,0.3,0.1
URML,LC,0.5,0.3,0.1
URML,PC,0.4,0.2,0.0
URMM,HC,0.5,0.3,0.1
URMM,MC,0.5,0.3,0.1
URMM,LC,0.5,0.3,0.1
URMM,PC,0.4,0.2,0.0
MH,HC,0.8,0.4,0.2
MH,MC,0.8,0.4,0.2
MH,LC,0.8,0.4,0.2
MH,PC,0.6,0.3,0.1
