ID,component,occupancy,Incomplete,Quantity-Unit,DV-Unit,DS1-Theta_0,DS2-Theta_0,DS3-Theta_0,DS4-Theta_0,DS5-Theta_0
STR.RES1-Cost,STR,RES1,0,1 EA,loss_ratio,0.005,0.023,0.117,0.234,0.234
STR.RES2-Cost,STR,RES2,0,1 EA,loss_ratio,0.004,0.024,0.073,0.244,0.244
STR.RES3-Cost,STR,RES3,0,1 EA,loss_ratio,0.003,0.014,0.069,0.138,0.138
STR.RES4-Cost,STR,RES4,0,1 EA,loss_ratio,0.002,0.014,0.068,0.136,0.136
STR.RES5-Cost,STR,RES5,0,1 EA,loss_ratio,0.004,0.019,0.094,0.188,0.188
STR.RES6-Cost,STR,RES6,0,1 EA,loss_ratio,0.004,0.018,0.092,0.184,0.184
STR.COM1-Cost,STR,COM1,0,1 EA,loss_ratio,0.006,0.029,0.147,0.294,0.294
STR.COM2-Cost,STR,COM2,0,1 EA,loss_ratio,0.006,0.032,0.162,0.324,0.324
STR.COM3-Cost,STR,COM3,0,1 EA,loss_ratio,0.003,0.016,0.081,0.162,0.162
STR.COM4-Cost,STR,COM4,0,1 EA,loss_ratio,0.004,0.019,0.096,0.192,0.192
STR.COM5-Cost,STR,COM5,0,1 EA,loss_ratio,0.003,0.014,0.069,0.138,0.138
STR.COM6-Cost,STR,COM6,0,1 EA,loss_ratio,0.002,0.014,0.07,0.14,0.14
STR.COM7-Cost,STR,COM7,0,1 EA,loss_ratio,0.003,0.014,0.072,0.144,0.144
STR.COM8-Cost,STR,COM8,0,1 EA,loss_ratio,0.002,0.01,0.05,0.1,0.1
STR.COM9-Cost,STR,COM9,0,1 EA,loss_ratio,0.003,0.012,0.061,0.122,0.122
STR.COM10-Cost,STR,COM10,0,1 EA,loss_ratio,0.013,0.061,0.304,0.609,0.609
STR.IND1-Cost,STR,IND1,0,1 EA,loss_ratio,0.004,0.016,0.078,0.157,0.157
STR.IND2-Cost,STR,IND2,0,1 EA,loss_ratio,0.004,0.016,0.078,0.157,0.157
STR.IND3-Cost,STR,IND3,0,1 EA,loss_ratio,0.004,0.016,0.078,0.157,0.157
STR.IND4-Cost,STR,IND4,0,1 EA,loss_ratio,0.004,0.016,0.078,0.157,0.157
STR.IND5-Cost,STR,IND5,0,1 EA,loss_ratio,0.004,0.016,0.078,0.157,0.157
STR.IND6-Cost,STR,IND6,0,1 EA,loss_ratio,0.004,0.016,0.078,0.157,0.157
STR.AGR1-Cost,STR,AGR1,0,1 EA,loss_ratio,0.008,0.046,0.231,0.462,0.462
STR.REL1-Cost,STR,REL1,0,1 EA,loss_ratio,0.003,0.02,0.099,0.198,0.198
STR.GOV1-Cost,STR,GOV1,0,1 EA,loss_ratio,0.003,0.018,0.09,0.179,0.179
STR.GOV2-Cost,STR,GOV2,0,1 EA,loss_ratio,0.003,0.015,0.077,0.153,0.153
STR.EDU1-Cost,STR,EDU1,0,1 EA,loss_ratio,0.004,0.019,0.095,0.189,0.189
STR.EDU2-Cost,STR,EDU2,0,1 EA,loss_ratio,0.002,0.011,0.055,0.11,0.11
NSD.RES1-Cost,NSD,RES1,0,1 EA,loss_ratio,0.01,0.05,0.25,0.5,
NSD.RES2-Cost,NSD,RES2,0,1 EA,loss_ratio,0.008,0.038,0.189,0.378,
NSD.RES3-Cost,NSD,RES3,0,1 EA,loss_ratio,0.009,0.043,0.213,0.425,
NSD.RES4-Cost,NSD,RES4,0,1 EA,loss_ratio,0.009,0.043,0.216,0.432,
NSD.RES5-Cost,NSD,RES5,0,1 EA,loss_ratio,0.008,0.04,0.2,0.4,
NSD.RES6-Cost,NSD,RES6,0,1 EA,loss_ratio,0.008,0.041,0.204,0.408,
NSD.COM1-Cost,NSD,COM1,0,1 EA,loss_ratio,0.006,0.027,0.138,0.275,
NSD.COM2-Cost,NSD,COM2,0,1 EA,loss_ratio,0.006,0.026,0.132,0.265,
NSD.COM3-Cost,NSD,COM3,0,1 EA,loss_ratio,0.007,0.034,0.169,0.338,
NSD.COM4-Cost,NSD,COM4,0,1 EA,loss_ratio,0.007,0.033,0.164,0.329,
NSD.COM5-Cost,NSD,COM5,0,1 EA,loss_ratio,0.007,0.034,0.172,0.345,
NSD.COM6-Cost,NSD,COM6,0,1 EA,loss_ratio,0.008,0.035,0.174,0.347,
NSD.COM7-Cost,NSD,COM7,0,1 EA,loss_ratio,0.007,0.034,0.172,0.344,
NSD.COM8-Cost,NSD,COM8,0,1 EA,loss_ratio,0.007,0.036,0.178,0.356,
NSD.COM9-Cost,NSD,COM9,0,1 EA,loss_ratio,0.007,0.035,0.176,0.351,
NSD.COM10-Cost,NSD,COM10,0,1 EA,loss_ratio,0.004,0.017,0.087,0.174,
NSD.IND1-Cost,NSD,IND1,0,1 EA,loss_ratio,0.002,0.012,0.059,0.118,
NSD.IND2-Cost,NSD,IND2,0,1 EA,loss_ratio,0.002,0.012,0.059,0.118,
NSD.IND3-Cost,NSD,IND3,0,1 EA,loss_ratio,0.002,0.012,0.059,0.118,
NSD.IND4-Cost,NSD,IND4,0,1 EA,loss_ratio,0.002,0.012,0.059,0.118,
NSD.IND5-Cost,NSD,IND5,0,1 EA,loss_ratio,0.002,0.012,0.059,0.118,
NSD.IND6-Cost,NSD,IND6,0,1 EA,loss_ratio,0.002,0.012,0.059,0.118,
NSD.AGR1-Cost,NSD,AGR1,0,1 EA,loss_ratio,0.0,0.008,0.038,0.077,
NSD.REL1-Cost,NSD,REL1,0,1 EA,loss_ratio,0.008,0.033,0.163,0.326,
NSD.GOV1-Cost,NSD,GOV1,0,1 EA,loss_ratio,0.007,0.033,0.164,0.328,
NSD.GOV2-Cost,NSD,GOV2,0,1 EA,loss_ratio,0.007,0.034,0.171,0.342,
NSD.EDU1-Cost,NSD,EDU1,0,1 EA,loss_ratio,0.009,0.049,0.243,0.487,
NSD.EDU2-Cost,NSD,EDU2,0,1 EA,loss_ratio,0.012,0.06,0.3,0.6,
NSA.RES1-Cost,NSA,RES1,0,1 EA,loss_ratio,0.005,0.027,0.08,0.266,
NSA.RES2-Cost,NSA,RES2,0,1 EA,loss_ratio,0.008,0.038,0.113,0.378,
NSA.RES3-Cost,NSA,RES3,0,1 EA,loss_ratio,0.008,0.043,0.131,0.437,
NSA.RES4-Cost,NSA,RES4,0,1 EA,loss_ratio,0.009,0.043,0.13,0.432,
NSA.RES5-Cost,NSA,RES5,0,1 EA,loss_ratio,0.008,0.041,0.124,0.412,
NSA.RES6-Cost,NSA,RES6,0,1 EA,loss_ratio,0.008,0.041,0.122,0.408,
NSA.COM1-Cost,NSA,COM1,0,1 EA,loss_ratio,0.008,0.044,0.129,0.431,
NSA.COM2-Cost,NSA,COM2,0,1 EA,loss_ratio,0.008,0.042,0.124,0.411,
NSA.COM3-Cost,NSA,COM3,0,1 EA,loss_ratio,0.01,0.05,0.15,0.5,
NSA.COM4-Cost,NSA,COM4,0,1 EA,loss_ratio,0.009,0.048,0.144,0.479,
NSA.COM5-Cost,NSA,COM5,0,1 EA,loss_ratio,0.01,0.052,0.155,0.517,
NSA.COM6-Cost,NSA,COM6,0,1 EA,loss_ratio,0.01,0.051,0.154,0.513,
NSA.COM7-Cost,NSA,COM7,0,1 EA,loss_ratio,0.01,0.052,0.153,0.512,
NSA.COM8-Cost,NSA,COM8,0,1 EA,loss_ratio,0.011,0.054,0.163,0.544,
NSA.COM9-Cost,NSA,COM9,0,1 EA,loss_ratio,0.01,0.053,0.158,0.527,
NSA.COM10-Cost,NSA,COM10,0,1 EA,loss_ratio,0.003,0.022,0.065,0.217,
NSA.IND1-Cost,NSA,IND1,0,1 EA,loss_ratio,0.014,0.072,0.218,0.725,
NSA.IND2-Cost,NSA,IND2,0,1 EA,loss_ratio,0.014,0.072,0.218,0.725,
NSA.IND3-Cost,NSA,IND3,0,1 EA,loss_ratio,0.014,0.072,0.218,0.725,
NSA.IND4-Cost,NSA,IND4,0,1 EA,loss_ratio,0.014,0.072,0.218,0.725,
NSA.IND5-Cost,NSA,IND5,0,1 EA,loss_ratio,0.014,0.072,0.218,0.725,
NSA.IND6-Cost,NSA,IND6,0,1 EA,loss_ratio,0.014,0.072,0.218,0.725,
NSA.AGR1-Cost,NSA,AGR1,0,1 EA,loss_ratio,0.008,0.046,0.138,0.461,
NSA.REL1-Cost,NSA,REL1,0,1 EA,loss_ratio,0.009,0.047,0.143,0.476,
NSA.GOV1-Cost,NSA,GOV1,0,1 EA,loss_ratio,0.01,0.049,0.148,0.493,
NSA.GOV2-Cost,NSA,GOV2,0,1 EA,loss_ratio,0.01,0.051,0.151,0.505,
NSA.EDU1-Cost,NSA,EDU1,0,1 EA,loss_ratio,0.007,0.032,0.097,0.324,
NSA.EDU2-Cost,NSA,EDU2,0,1 EA,loss_ratio,0.006,0.029,0.087,0.29,
