ID,building_type,design_level,Incomplete,Demand-Type,Demand-Unit,Demand-Offset,Demand-Directional,LS1-Family,LS1-Theta_0,LS1-Theta_1,LS1-DamageStateWeights,LS2-Family,LS2-Theta_0,LS2-Theta_1,LS2-DamageStateWeights,LS3-Family,LS3-Theta_0,LS3-Theta_1,LS3-DamageStateWeights,LS4-Family,LS4-Theta_0,LS4-Theta_1,LS4-DamageStateWeights
LF.W1.HC,W1,HC,0,Peak Ground Acceleration,g,0,0,lognormal,0.26,0.4,,lognormal,0.55,0.4,,lognormal,1.28,0.4,,lognormal,2.01,0.4,0.97 | 0.03
LF.W1.MC,W1,MC,0,Peak Ground Acceleration,g,0,0,lognormal,0.24,0.4,,lognormal,0.43,0.4,,lognormal,0.91,0.4,,lognormal,1.34,0.4,0.97 | 0.03
LF.W1.LC,W1,LC,0,Peak Ground Acceleration,g,0,0,lognormal,0.2,0.4,,lognormal,0.34,0.4,,lognormal,0.61,0.4,,lognormal,0.95,0.4,0.97 | 0.03
LF.W1.PC,W1,PC,0,Peak Ground Acceleration,g,0,0,lognormal,0.18,0.4,,lognormal,0.29,0.4,,lognormal,0.51,0.4,,lognormal,0.77,0.4,0.97 | 0.03
LF.W2.HC,W2,HC,0,Peak Ground Acceleration,g,0,0,lognormal,0.26,0.4,,lognormal,0.56,0.4,,lognormal,1.15,0.4,,lognormal,2.08,0.4,0.97 | 0.03
LF.W2.MC,W2,MC,0,Peak Ground Acceleration,g,0,0,lognormal,0.2,0.4,,lognormal,0.35,0.4,,lognormal,0.64,0.4,,lognormal,1.13,0.4,0.97 | 0.03
LF.W2.LC,W2,LC,0,Peak Ground Acceleration,g,0,0,lognormal,0.14,0.4,,lognormal,0.23,0.4,,lognormal,0.48,0.4,,lognormal,0.75,0.4,0.97 | 0.03
LF.W2.PC,W2,PC,0,Peak Ground Acceleration,g,0,0,lognormal,0.12,0.4,,lognormal,0.19,0.4,,lognormal,0.37,0.4,,lognormal,0.6,0.4,0.97 | 0.03
LF.S1.L.HC,S1.L,HC,0,Peak Ground Acceleration,g,0,0,lognormal,0.19,0.4,,lognormal,0.31,0.4,,lognormal,0.64,0.4,,lognormal,1.49,0.4,0.92 | 0.08
LF.S1.L.MC,S1.L,MC,0,Peak Ground Acceleration,g,0,0,lognormal,0.15,0.4,,lognormal,0.22,0.4,,lognormal,0.42,0.4,,lognormal,0.8,0.4,0.92 | 0.08
LF.S1.L.LC,S1.L,LC,0,Peak Ground Acceleration,g,0,0,lognormal,0.12,0.4,,lognormal,0.17,0.4,,lognormal,0.3,0.4,,lognormal,0.48,0.4,0.92 | 0.08
LF.S1.L.PC,S1.L,PC,0,Peak Ground Acceleration,g,0,0,lognormal,0.09,0.4,,lognormal,0.13,0.4,,lognormal,0.22,0.4,,lognormal,0.38,0.4,0.92 | 0.08
LF.S1.M.HC,S1.M,HC,0,Peak Ground Acceleration,g,0,0,lognormal,0.14,0.4,,lognormal,0.26,0.4,,lognormal,0.62,0.4,,lognormal,1.43,0.4,0.95 | 0.05
LF.S1.M.MC,S1.M,MC,0,Peak Ground Acceleration,g,0,0,lognormal,0.13,0.4,,lognormal,0.21,0.4,,lognormal,0.44,0.4,,lognormal,0.82,0.4,0.95 | 0.05
LF.S1.M.LC,S1.M,LC,0,Peak Ground Acceleration,g,0,0,lognormal,0.12,0.4,,lognormal,0.18,0.4,,lognormal,0.29,0.4,,lognormal,0.49,0.4,0.95 | 0.05
LF.S1.M.PC,S1.M,PC,0,Peak Ground Acceleration,g,0,0,lognormal,0.09,0.4,,lognormal,0.14,0.4,,lognormal,0.23,0.4,,lognormal,0.39,0.4,0.95 | 0.05
LF.S1.H.HC,S1.H,HC,0,Peak Ground Acceleration,g,0,0,lognormal,0.1,0.4,,lognormal,0.21,0.4,,lognormal,0.52,0.4,,lognormal,1.31,0.4,0.97 | 0.03
LF.S1.H.MC,S1.H,MC,0,Peak Ground Acceleration,g,0,0,lognormal,0.1,0.4,,lognormal,0.18,0.4,,lognormal,0.39,0.4,,lognormal,0.78,0.4,0.97 | 0.03
LF.S1.H.LC,S1.H,LC,0,Peak Ground Acceleration,g,0,0,lognormal,0.1,0.4,,lognormal,0.15,0.4,,lognormal,0.28,0.4,,lognormal,0.48,0.4,0.97 | 0.03
LF.S1.H.PC,S1.H,PC,0,Peak Ground Acceleration,g,0,0,lognormal,0.08,0.4,,lognormal,0.12,0.4,,lognormal,0.22,0.4,,lognormal,0.38,0.4,0.97 | 0.03
LF.S2.L.HC,S2.L,HC,0,Peak Ground Acceleration,g,0,0,lognormal,0.24,0.4,,lognormal,0.41,0.4,,lognormal,0.76,0.4,,lognormal,1.46,0.4,0.92 | 0.08
LF.S2.L.MC,S2.L,MC,0,Peak Ground Acceleration,g,0,0,lognormal,0.2,0.4,,lognormal,0.26,0.4,,lognormal,0.46,0.4,,lognormal,0.84,0.4,0.92 | 0.08
LF.S2.L.LC,S2.L,LC,0,Peak Ground Acceleration,g,0,0,lognormal,0.13,0.4,,lognormal,0.17,0.4,,lognormal,0.3,0.4,,lognormal,0.5,0.4,0.92 | 0.08
LF.S2.L.PC,S2.L,PC,0,Peak Ground Acceleration,g,0,0,lognormal,0.11,0.4,,lognormal,0.14,0.4,,lognormal,0.23,0.4,,lognormal,0.39,0.4,0.92 | 0.08
LF.S2.M.HC,S2.M,HC,0,Peak Ground Acceleration,g,0,0,lognormal,0.14,0.4,,lognormal,0.27,0.4,,lognormal,0.73,0.4,,lognormal,1.62,0.4,0.95 | 0.05
LF.S2.M.MC,S2.M,MC,0,Peak Ground Acceleration,g,0,0,lognormal,0.14,0.4,,lognormal,0.22,0.4,,lognormal,0.53,0.4,,lognormal,0.97,0.4,0.95 | 0.05
LF.S2.M.LC,S2.M,LC,0,Peak Ground Acceleration,g,0,0,lognormal,0.12,0.4,,lognormal,0.18,0.4,,lognormal,0.35,0.4,,lognormal,0.58,0.4,0.95 | 0.05
LF.S2.M.PC,S2.M,PC,0,Peak Ground Acceleration,g,0,0,lognormal,0.1,0.4,,lognormal,0.14,0.4,,lognormal,0.28,0.4,,lognormal,0.47,0.4,0.95 | 0.05
LF.S2.H.HC,S2.H,HC,0,Peak Ground Acceleration,g,0,0,lognormal,0.11,0.4,,lognormal,0.22,0.4,,lognormal,0.65,0.4,,lognormal,1.6,0.4,0.97 | 0.03
LF.S2.H.MC,S2.H,MC,0,Peak Ground Acceleration,g,0,0,lognormal,0.11,0.4,,lognormal,0.19,0.4,,lognormal,0.49,0.4,,lognormal,1.02,0.4,0.97 | 0.03
LF.S2.H.LC,S2.H,LC,0,Peak Ground Acceleration,g,0,0,lognormal,0.11,0.4,,lognormal,0.17,0.4,,lognormal,0.36,0.4,,lognormal,0.63,0.4,0.97 | 0.03
LF.S2.H.PC,S2.H,PC,0,Peak Ground Acceleration,g,0,0,lognormal,0.09,0.4,,lognormal,0.13,0.4,,lognormal,0.29,0.4,,lognormal,0.5,0.4,0.97 | 0.03
LF.S3.HC,S3,HC,0,Peak Ground Acceleration,g,0,0,lognormal,0.15,0.4,,lognormal,0.26,0.4,,lognormal,0.54,0.4,,lognormal,1.0,0.4,0.97 | 0.03
LF.S3.MC,S3,MC,0,Peak Ground Acceleration,g,0,0,lognormal,0.13,0.4,,lognormal,0.19,0.4,,lognormal,0.33,0.4,,lognormal,0.6,0.4,0.97 | 0.03
LF.S3.LC,S3,LC,0,Peak Ground Acceleration,g,0,0,lognormal,0.1,0.4,,lognormal,0.13,0.4,,lognormal,0.2,0.4,,lognormal,0.38,0.4,0.97 | 0.03
LF.S3.PC,S3,PC,0,Peak Ground Acceleration,g,0,0,lognormal,0.08,0.4,,lognormal,0.1,0.4,,lognormal,0.16,0.4,,lognormal,0.3,0.4,0.97 | 0.03
LF.S4.L.HC,S4.L,HC,0,Peak Ground Acceleration,g,0,0,lognormal,0.24,0.4,,lognormal,0.39,0.4,,lognormal,0.71,0.4,,lognormal,1.33,0.4,0.92 | 0.08
LF.S4.L.MC,S4.L,MC,0,Peak Ground Acceleration,g,0,0,lognormal,0.19,0.4,,lognormal,0.26,0.4,,lognormal,0.41,0.4,,lognormal,0.78,0.4,0.92 | 0.08
LF.S4.L.LC,S4.L,LC,0,Peak Ground Acceleration,g,0,0,lognormal,0.13,0.4,,lognormal,0.16,0.4,,lognormal,0.26,0.4,,lognormal,0.46,0.4,0.92 | 0.08
LF.S4.L.PC,S4.L,PC,0,Peak Ground Acceleration,g,0,0,lognormal,0.1,0.4,,lognormal,0.13,0.4,,lognormal,0.2,0.4,,lognormal,0.36,0.4,0.92 | 0.08
LF.S4.M.HC,S4.M,HC,0,Peak Ground Acceleration,g,0,0,lognormal,0.16,0.4,,lognormal,0.28,0.4,,lognormal,0.73,0.4,,lognormal,1.56,0.4,0.95 | 0.05
LF.S4.M.MC,S4.M,MC,0,Peak Ground Acceleration,g,0,0,lognormal,0.14,0.4,,lognormal,0.22,0.4,,lognormal,0.51,0.4,,lognormal,0.92,0.4,0.95 | 0.05
LF.S4.M.LC,S4.M,LC,0,Peak Ground Acceleration,g,0,0,lognormal,0.12,0.4,,lognormal,0.17,0.4,,lognormal,0.31,0.4,,lognormal,0.54,0.4,0.95 | 0.05
LF.S4.M.PC,S4.M,PC,0,Peak Ground Acceleration,g,0,0,lognormal,0.09,0.4,,lognormal,0.13,0.4,,lognormal,0.25,0.4,,lognormal,0.43,0.4,0.95 | 0.05
LF.S4.H.HC,S4.H,HC,0,Peak Ground Acceleration,g,0,0,lognormal,0.13,0.4,,lognormal,0.25,0.4,,lognormal,0.69,0.4,,lognormal,1.63,0.4,0.97 | 0.03
LF.S4.H.MC,S4.H,MC,0,Peak Ground Acceleration,g,0,0,lognormal,0.12,0.4,,lognormal,0.21,0.4,,lognormal,0.51,0.4,,lognormal,0.97,0.4,0.97 | 0.03
LF.S4.H.LC,S4.H,LC,0,Peak Ground Acceleration,g,0,0,lognormal,0.12,0.4,,lognormal,0.17,0.4,,lognormal,0.33,0.4,,lognormal,0.59,0.4,0.97 | 0.03
LF.S4.H.PC,S4.H,PC,0,Peak Ground Acceleration,g,0,0,lognormal,0.09,0.4,,lognormal,0.14,0.4,,lognormal,0.27,0.4,,lognormal,0.47,0.4,0.97 | 0.03
LF.S5.L.LC,S5.L,LC,0,Peak Ground Acceleration,g,0,0,lognormal,0.13,0.4,,lognormal,0.17,0.4,,lognormal,0.28,0.4,,lognormal,0.45,0.4,0.92 | 0.08
LF.S5.L.PC,S5.L,PC,0,Peak Ground Acceleration,g,0,0,lognormal,0.11,0.4,,lognormal,0.14,0.4,,lognormal,0.22,0.4,,lognormal,0.37,0.4,0.92 | 0.08
LF.S5.M.LC,S5.M,LC,0,Peak Ground Acceleration,g,0,0,lognormal,0.11,0.4,,lognormal,0.18,0.4,,lognormal,0.34,0.4,,lognormal,0.53,0.4,0.95 | 0.05
LF.S5.M.PC,S5.M,PC,0,Peak Ground Acceleration,g,0,0,lognormal,0.09,0.4,,lognormal,0.14,0.4,,lognormal,0.28,0.4,,lognormal,0.43,0.4,0.95 | 0.05
LF.S5.H.LC,S5.H,LC,0,Peak Ground Acceleration,g,0,0,lognormal,0.1,0.4,,lognormal,0.18,0.4,,lognormal,0.35,0.4,,lognormal,0.58,0.4,0.97 | 0.03
LF.S5.H.PC,S5.H,PC,0,Peak Ground Acceleration,g,0,0,lognormal,0.08,0.4,,lognormal,0.14,0.4,,lognormal,0.29,0.4,,lognormal,0.46,0.4,0.97 | 0.03
LF.C1.L.HC,C1.L,HC,0,Peak Ground Acceleration,g,0,0,lognormal,0.21,0.4,,lognormal,0.35,0.4,,lognormal,0.7,0.4,,lognormal,1.37,0.4,0.87 | 0.13
LF.C1.L.MC,C1.L,MC,0,Peak Ground Acceleration,g,0,0,lognormal,0.16,0.4,,lognormal,0.23,0.4,,lognormal,0.41,0.4,,lognormal,0.77,0.4,0.87 | 0.13
LF.C1.L.LC,C1.L,LC,0,Peak Ground Acceleration,g,0,0,lognormal,0.12,0.4,,lognormal,0.15,0.4,,lognormal,0.27,0.4,,lognormal,0.45,0.4,0.87 | 0.13
LF.C1.L.PC,C1.L,PC,0,Peak Ground Acceleration,g,0,0,lognormal,0.1,0.4,,lognormal,0.12,0.4,,lognormal,0.21,0.4,,lognormal,0.36,0.4,0.87 | 0.13
LF.C1.M.HC,C1.M,HC,0,Peak Ground Acceleration,g,0,0,lognormal,0.15,0.4,,lognormal,0.27,0.4,,lognormal,0.73,0.4,,lognormal,1.61,0.4,0.9 | 0.1
LF.C1.M.MC,C1.M,MC,0,Peak Ground Acceleration,g,0,0,lognormal,0.13,0.4,,lognormal,0.21,0.4,,lognormal,0.49,0.4,,lognormal,0.89,0.4,0.9 | 0.1
LF.C1.M.LC,C1.M,LC,0,Peak Ground Acceleration,g,0,0,lognormal,0.12,0.4,,lognormal,0.17,0.4,,lognormal,0.32,0.4,,lognormal,0.54,0.4,0.9 | 0.1
LF.C1.M.PC,C1.M,PC,0,Peak Ground Acceleration,g,0,0,lognormal,0.09,0.4,,lognormal,0.13,0.4,,lognormal,0.26,0.4,,lognormal,0.43,0.4,0.9 | 0.1
LF.C1.H.HC,C1.H,HC,0,Peak Ground Acceleration,g,0,0,lognormal,0.11,0.4,,lognormal,0.22,0.4,,lognormal,0.62,0.4,,lognormal,1.35,0.4,0.95 | 0.05
LF.C1.H.MC,C1.H,MC,0,Peak Ground Acceleration,g,0,0,lognormal,0.11,0.4,,lognormal,0.18,0.4,,lognormal,0.41,0.4,,lognormal,0.74,0.4,0.95 | 0.05
LF.C1.H.LC,C1.H,LC,0,Peak Ground Acceleration,g,0,0,lognormal,0.1,0.4,,lognormal,0.15,0.4,,lognormal,0.27,0.4,,lognormal,0.44,0.4,0.95 | 0.05
LF.C1.H.PC,C1.H,PC,0,Peak Ground Acceleration,g,0,0,lognormal,0.08,0.4,,lognormal,0.12,0.4,,lognormal,0.21,0.4,,lognormal,0.35,0.4,0.95 | 0.05
LF.C2.L.HC,C2.L,HC,0,Peak Ground Acceleration,g,0,0,lognormal,0.24,0.4,,lognormal,0.45,0.4,,lognormal,0.9,0.4,,lognormal,1.55,0.4,0.87 | 0.13
LF.C2.L.MC,C2.L,MC,0,Peak Ground Acceleration,g,0,0,lognormal,0.18,0.4,,lognormal,0.3,0.4,,lognormal,0.49,0.4,,lognormal,0.87,0.4,0.87 | 0.13
LF.C2.L.LC,C2.L,LC,0,Peak Ground Acceleration,g,0,0,lognormal,0.14,0.4,,lognormal,0.19,0.4,,lognormal,0.3,0.4,,lognormal,0.52,0.4,0.87 | 0.13
LF.C2.L.PC,C2.L,PC,0,Peak Ground Acceleration,g,0,0,lognormal,0.11,0.4,,lognormal,0.15,0.4,,lognormal,0.24,0.4,,lognormal,0.42,0.4,0.87 | 0.13
LF.C2.M.HC,C2.M,HC,0,Peak Ground Acceleration,g,0,0,lognormal,0.17,0.4,,lognormal,0.36,0.4,,lognormal,0.87,0.4,,lognormal,1.95,0.4,0.9 | 0.1
LF.C2.M.MC,C2.M,MC,0,Peak Ground Acceleration,g,0,0,lognormal,0.15,0.4,,lognormal,0.26,0.4,,lognormal,0.55,0.4,,lognormal,1.02,0.4,0.9 | 0.1
LF.C2.M.LC,C2.M,LC,0,Peak Ground Acceleration,g,0,0,lognormal,0.12,0.4,,lognormal,0.19,0.4,,lognormal,0.38,0.4,,lognormal,0.63,0.4,0.9 | 0.1
LF.C2.M.PC,C2.M,PC,0,Peak Ground Acceleration,g,0,0,lognormal,0.1,0.4,,lognormal,0.15,0.4,,lognormal,0.3,0.4,,lognormal,0.5,0.4,0.9 | 0.1
LF.C2.H.HC,C2.H,HC,0,Peak Ground Acceleration,g,0,0,lognormal,0.12,0.4,,lognormal,0.29,0.4,,lognormal,0.82,0.4,,lognormal,1.87,0.4,0.95 | 0.05
LF.C2.H.MC,C2.H,MC,0,Peak Ground Acceleration,g,0,0,lognormal,0.12,0.4,,lognormal,0.23,0.4,,lognormal,0.57,0.4,,lognormal,1.07,0.4,0.95 | 0.05
LF.C2.H.LC,C2.H,LC,0,Peak Ground Acceleration,g,0,0,lognormal,0.11,0.4,,lognormal,0.19,0.4,,lognormal,0.38,0.4,,lognormal,0.65,0.4,0.95 | 0.05
LF.C2.H.PC,C2.H,PC,0,Peak Ground Acceleration,g,0,0,lognormal,0.09,0.4,,lognormal,0.15,0.4,,lognormal,0.31,0.4,,lognormal,0.52,0.4,0.95 | 0.05
LF.C3.L.LC,C3.L,LC,0,Peak Ground Acceleration,g,0,0,lognormal,0.12,0.4,,lognormal,0.17,0.4,,lognormal,0.26,0.4,,lognormal,0.44,0.4,0.85 | 0.15
LF.C3.L.PC,C3.L,PC,0,Peak Ground Acceleration,g,0,0,lognormal,0.1,0.4,,lognormal,0.14,0.4,,lognormal,0.21,0.4,,lognormal,0.35,0.4,0.85 | 0.15
LF.C3.M.LC,C3.M,LC,0,Peak Ground Acceleration,g,0,0,lognormal,0.11,0.4,,lognormal,0.17,0.4,,lognormal,0.32,0.4,,lognormal,0.51,0.4,0.87 | 0.13
LF.C3.M.PC,C3.M,PC,0,Peak Ground Acceleration,g,0,0,lognormal,0.09,0.4,,lognormal,0.14,0.4,,lognormal,0.25,0.4,,lognormal,0.41,0.4,0.87 | 0.13
LF.C3.H.LC,C3.H,LC,0,Peak Ground Acceleration,g,0,0,lognormal,0.09,0.4,,lognormal,0.16,0.4,,lognormal,0.33,0.4,,lognormal,0.53,0.4,0.9 | 0.1
LF.C3.H.PC,C3.H,PC,0,Peak Ground Acceleration,g,0,0,lognormal,0.08,0.4,,lognormal,0.13,0.4,,lognormal,0.27,0.4,,lognormal,0.43,0.4,0.9 | 0.1
LF.PC1.HC,PC1,HC,0,Peak Ground Acceleration,g,0,0,lognormal,0.2,0.4,,lognormal,0.35,0.4,,lognormal,0.72,0.4,,lognormal,1.25,0.4,0.85 | 0.15
LF.PC1.MC,PC1,MC,0,Peak Ground Acceleration,g,0,0,lognormal,0.18,0.4,,lognormal,0.24,0.4,,lognormal,0.44,0.4,,lognormal,0.71,0.4,0.85 | 0.15
LF.PC1.LC,PC1,LC,0,Peak Ground Acceleration,g,0,0,lognormal,0.13,0.4,,lognormal,0.17,0.4,,lognormal,0.25,0.4,,lognormal,0.45,0.4,0.85 | 0.15
LF.PC1.PC,PC1,PC,0,Peak Ground Acceleration,g,0,0,lognormal,0.11,0.4,,lognormal,0.14,0.4,,lognormal,0.21,0.4,,lognormal,0.35,0.4,0.85 | 0.15
LF.PC2.L.HC,PC2.L,HC,0,Peak Ground Acceleration,g,0,0,lognormal,0.24,0.4,,lognormal,0.36,0.4,,lognormal,0.69,0.4,,lognormal,1.23,0.4,0.85 | 0.15
LF.PC2.L.MC,PC2.L,MC,0,Peak Ground Acceleration,g,0,0,lognormal,0.18,0.4,,lognormal,0.25,0.4,,lognormal,0.4,0.4,,lognormal,0.74,0.4,0.85 | 0.15
LF.PC2.L.LC,PC2.L,LC,0,Peak Ground Acceleration,g,0,0,lognormal,0.13,0.4,,lognormal,0.15,0.4,,lognormal,0.24,0.4,,lognormal,0.44,0.4,0.85 | 0.15
LF.PC2.L.PC,PC2.L,PC,0,Peak Ground Acceleration,g,0,0,lognormal,0.1,0.4,,lognormal,0.13,0.4,,lognormal,0.19,0.4,,lognormal,0.35,0.4,0.85 | 0.15
LF.PC2.M.HC,PC2.M,HC,0,Peak Ground Acceleration,g,0,0,lognormal,0.17,0.4,,lognormal,0.29,0.4,,lognormal,0.67,0.4,,lognormal,1.51,0.4,0.87 | 0.13
LF.PC2.M.MC,PC2.M,MC,0,Peak Ground Acceleration,g,0,0,lognormal,0.15,0.4,,lognormal,0.21,0.4,,lognormal,0.45,0.4,,lognormal,0.86,0.4,0.87 | 0.13
LF.PC2.M.LC,PC2.M,LC,0,Peak Ground Acceleration,g,0,0,lognormal,0.11,0.4,,lognormal,0.16,0.4,,lognormal,0.31,0.4,,lognormal,0.52,0.4,0.87 | 0.13
LF.PC2.M.PC,PC2.M,PC,0,Peak Ground Acceleration,g,0,0,lognormal,0.09,0.4,,lognormal,0.13,0.4,,lognormal,0.24,0.4,,lognormal,0.42,0.4,0.87 | 0.13
LF.PC2.H.HC,PC2.H,HC,0,Peak Ground Acceleration,g,0,0,lognormal,0.12,0.4,,lognormal,0.23,0.4,,lognormal,0.63,0.4,,lognormal,1.49,0.4,0.9 | 0.1
LF.PC2.H.MC,PC2.H,MC,0,Peak Ground Acceleration,g,0,0,lognormal,0.12,0.4,,lognormal,0.19,0.4,,lognormal,0.46,0.4,,lognormal,0.9,0.4,0.9 | 0.1
LF.PC2.H.LC,PC2.H,LC,0,Peak Ground Acceleration,g,0,0,lognormal,0.11,0.4,,lognormal,0.16,0.4,,lognormal,0.31,0.4,,lognormal,0.55,0.4,0.9 | 0.1
LF.PC2.H.PC,PC2.H,PC,0,Peak Ground Acceleration,g,0,0,lognormal,0.09,0.4,,lognormal,0.13,0.4,,lognormal,0.25,0.4,,lognormal,0.43,0.4,0.9 | 0.1
LF.RM1.L.HC,RM1.L,HC,0,Peak Ground Acceleration,g,0,0,lognormal,0.3,0.4,,lognormal,0.46,0.4,,lognormal,0.93,0.4,,lognormal,1.57,0.4,0.87 | 0.13
LF.RM1.L.MC,RM1.L,MC,0,Peak Ground Acceleration,g,0,0,lognormal,0.22,0.4,,lognormal,0.3,0.4,,lognormal,0.5,0.4,,lognormal,0.85,0.4,0.87 | 0.13
LF.RM1.L.LC,RM1.L,LC,0,Peak Ground Acceleration,g,0,0,lognormal,0.16,0.4,,lognormal,0.2,0.4,,lognormal,0.29,0.4,,lognormal,0.54,0.4,0.87 | 0.13
LF.RM1.L.PC,RM1.L,PC,0,Peak Ground Acceleration,g,0,0,lognormal,0.13,0.4,,lognormal,0.16,0.4,,lognormal,0.24,0.4,,lognormal,0.43,0.4,0.87 | 0.13
LF.RM1.M.HC,RM1.M,HC,0,Peak Ground Acceleration,g,0,0,lognormal,0.2,0.4,,lognormal,0.37,0.4,,lognormal,0.81,0.4,,lognormal,1.9,0.4,0.9 | 0.1
LF.RM1.M.MC,RM1.M,MC,0,Peak Ground Acceleration,g,0,0,lognormal,0.18,0.4,,lognormal,0.26,0.4,,lognormal,0.51,0.4,,lognormal,1.03,0.4,0.9 | 0.1
LF.RM1.M.LC,RM1.M,LC,0,Peak Ground Acceleration,g,0,0,lognormal,0.14,0.4,,lognormal,0.19,0.4,,lognormal,0.35,0.4,,lognormal,0.63,0.4,0.9 | 0.1
LF.RM1.M.PC,RM1.M,PC,0,Peak Ground Acceleration,g,0,0,lognormal,0.11,0.4,,lognormal,0.15,0.4,,lognormal,0.28,0.4,,lognormal,0.5,0.4,0.9 | 0.1
LF.RM2.L.HC,RM2.L,HC,0,Peak Ground Acceleration,g,0,0,lognormal,0.26,0.4,,lognormal,0.42,0.4,,lognormal,0.87,0.4,,lognormal,1.49,0.4,0.87 | 0.13
LF.RM2.L.MC,RM2.L,MC,0,Peak Ground Acceleration,g,0,0,lognormal,0.2,0.4,,lognormal,0.28,0.4,,lognormal,0.47,0.4,,lognormal,0.81,0.4,0.87 | 0.13
LF.RM2.L.LC,RM2.L,LC,0,Peak Ground Acceleration,g,0,0,lognormal,0.14,0.4,,lognormal,0.18,0.4,,lognormal,0.28,0.4,,lognormal,0.51,0.4,0.87 | 0.13
LF.RM2.L.PC,RM2.L,PC,0,Peak Ground Acceleration,g,0,0,lognormal,0.12,0.4,,lognormal,0.15,0.4,,lognormal,0.22,0.4,,lognormal,0.41,0.4,0.87 | 0.13
LF.RM2.M.HC,RM2.M,HC,0,Peak Ground Acceleration,g,0,0,lognormal,0.17,0.4,,lognormal,0.33,0.4,,lognormal,0.75,0.4,,lognormal,1.83,0.4,0.9 | 0.1
LF.RM2.M.MC,RM2.M,MC,0,Peak Ground Acceleration,g,0,0,lognormal,0.16,0.4,,lognormal,0.23,0.4,,lognormal,0.48,0.4,,lognormal,0.99,0.4,0.9 | 0.1
LF.RM2.M.LC,RM2.M,LC,0,Peak Ground Acceleration,g,0,0,lognormal,0.12,0.4,,lognormal,0.17,0.4,,lognormal,0.34,0.4,,lognormal,0.6,0.4,0.9 | 0.1
LF.RM2.M.PC,RM2.M,PC,0,Peak Ground Acceleration,g,0,0,lognormal,0.1,0.4,,lognormal,0.14,0.4,,lognormal,0.26,0.4,,lognormal,0.47,0.4,0.9 | 0.1
LF.RM2.H.HC,RM2.H,HC,0,Peak Ground Acceleration,g,0,0,lognormal,0.12,0.4,,lognormal,0.24,0.4,,lognormal,0.67,0.4,,lognormal,1.78,0.4,0.95 | 0.05
LF.RM2.H.MC,RM2.H,MC,0,Peak Ground Acceleration,g,0,0,lognormal,0.12,0.4,,lognormal,0.2,0.4,,lognormal,0.48,0.4,,lognormal,1.01,0.4,0.95 | 0.05
LF.RM2.H.LC,RM2.H,LC,0,Peak Ground Acceleration,g,0,0,lognormal,0.11,0.4,,lognormal,0.17,0.4,,lognormal,0.35,0.4,,lognormal,0.62,0.4,0.95 | 0.05
LF.RM2.H.PC,RM2.H,PC,0,Peak Ground Acceleration,g,0,0,lognormal,0.09,0.4,,lognormal,0.13,0.4,,lognormal,0.27,0.4,,lognormal,0.5,0.4,0.95 | 0.05
LF.URM.L.LC,URM.L,LC,0,Peak Ground Acceleration,g,0,0,lognormal,0.14,0.4,,lognormal,0.2,0.4,,lognormal,0.32,0.4,,lognormal,0.46,0.4,0.85 | 0.15
LF.URM.L.PC,URM.L,PC,0,Peak Ground Acceleration,g,0,0,lognormal,0.13,0.4,,lognormal,0.17,0.4,,lognormal,0.26,0.4,,lognormal,0.37,0.4,0.85 | 0.15
LF.URM.M.LC,URM.M,LC,0,Peak Ground Acceleration,g,0,0,lognormal,0.1,0.4,,lognormal,0.16,0.4,,lognormal,0.27,0.4,,lognormal,0.46,0.4,0.85 | 0.15
LF.URM.M.PC,URM.M,PC,0,Peak Ground Acceleration,g,0,0,lognormal,0.09,0.4,,lognormal,0.13,0.4,,lognormal,0.21,0.4,,lognormal,0.38,0.4,0.85 | 0.15
LF.MH.HC,MH,HC,0,Peak Ground Acceleration,g,0,0,lognormal,0.11,0.4,,lognormal,0.18,0.4,,lognormal,0.31,0.4,,lognormal,0.6,0.4,0.97 | 0.03
LF.MH.MC,MH,MC,0,Peak Ground Acceleration,g,0,0,lognormal,0.11,0.4,,lognormal,0.18,0.4,,lognormal,0.31,0.4,,lognormal,0.6,0.4,0.97 | 0.03
LF.MH.LC,MH,LC,0,Peak Ground Acceleration,g,0,0,lognormal,0.11,0.4,,lognormal,0.18,0.4,,lognormal,0.31,0.4,,lognormal,0.6,0.4,0.97 | 0.03
LF.MH.PC,MH,PC,0,Peak Ground Acceleration,g,0,0,lognormal,0.08,0.4,,lognormal,0.11,0.4,,lognormal,0.18,0.4,,lognormal,0.34,0.4,0.97 | 0.03
