ID,occupancy,Incomplete,Quantity-Unit,DV-Unit,DS1-Theta_0,DS2-Theta_0,DS3-Theta_0,DS4-Theta_0,DS5-Theta_0
LF.RES1-Cost,RES1,0,1 EA,loss_ratio,0.02,0.1,0.447,1.0,1.0
LF.RES2-Cost,RES2,0,1 EA,loss_ratio,0.02,0.1,0.375,1.0,1.0
LF.RES3-Cost,RES3,0,1 EA,loss_ratio,0.02,0.1,0.413,1.0,1.0
LF.RES4-Cost,RES4,0,1 EA,loss_ratio,0.02,0.1,0.414,1.0,1.0
LF.RES5-Cost,RES5,0,1 EA,loss_ratio,0.02,0.1,0.418,1.0,1.0
LF.RES6-Cost,RES6,0,1 EA,loss_ratio,0.02,0.1,0.418,1.0,1.0
LF.COM1-Cost,COM1,0,1 EA,loss_ratio,0.02,0.1,0.414,1.0,1.0
LF.COM2-Cost,COM2,0,1 EA,loss_ratio,0.02,0.1,0.418,1.0,1.0
LF.COM3-Cost,COM3,0,1 EA,loss_ratio,0.02,0.1,0.4,1.0,1.0
LF.COM4-Cost,COM4,0,1 EA,loss_ratio,0.02,0.1,0.404,1.0,1.0
LF.COM5-Cost,COM5,0,1 EA,loss_ratio,0.02,0.1,0.396,1.0,1.0
LF.COM6-Cost,COM6,0,1 EA,loss_ratio,0.02,0.1,0.398,1.0,1.0
LF.COM7-Cost,COM7,0,1 EA,loss_ratio,0.02,0.1,0.397,1.0,1.0
LF.COM8-Cost,COM8,0,1 EA,loss_ratio,0.02,0.1,0.391,1.0,1.0
LF.COM9-Cost,COM9,0,1 EA,loss_ratio,0.02,0.1,0.395,1.0,1.0
LF.COM10-Cost,COM10,0,1 EA,loss_ratio,0.02,0.1,0.456,1.0,1.0
LF.IND1-Cost,IND1,0,1 EA,loss_ratio,0.02,0.1,0.355,1.0,1.0
LF.IND2-Cost,IND2,0,1 EA,loss_ratio,0.02,0.1,0.355,1.0,1.0
LF.IND3-Cost,IND3,0,1 EA,loss_ratio,0.02,0.1,0.355,1.0,1.0
LF.IND4-Cost,IND4,0,1 EA,loss_ratio,0.02,0.1,0.355,1.0,1.0
LF.IND5-Cost,IND5,0,1 EA,loss_ratio,0.02,0.1,0.355,1.0,1.0
LF.IND6-Cost,IND6,0,1 EA,loss_ratio,0.02,0.1,0.355,1.0,1.0
LF.AGR1-Cost,AGR1,0,1 EA,loss_ratio,0.016,0.1,0.407,1.0,1.0
LF.REL1-Cost,REL1,0,1 EA,loss_ratio,0.02,0.1,0.405,1.0,1.0
LF.GOV1-Cost,GOV1,0,1 EA,loss_ratio,0.02,0.1,0.402,1.0,1.0
LF.GOV2-Cost,GOV2,0,1 EA,loss_ratio,0.02,0.1,0.399,1.0,1.0
LF.EDU1-Cost,EDU1,0,1 EA,loss_ratio,0.02,0.1,0.435,1.0,1.0
LF.EDU2-Cost,EDU2,0,1 EA,loss_ratio,0.02,0.1,0.442,1.0,1.0
