bin_index,bin_from,bin_to,interpolation,damage_type
1,0.0,0.0,0.0,0
2,0.002,0.002,0.002,0
3,0.003,0.003,0.003,0
4,0.004,0.004,0.004,0
5,0.005,0.005,0.005,0
6,0.006,0.006,0.006,0
7,0.007,0.007,0.007,0
8,0.008,0.008,0.008,0
9,0.009,0.009,0.009,0
10,0.01,0.01,0.01,0
11,0.011,0.011,0.011,0
12,0.012,0.012,0.012,0
13,0.014,0.014,0.014,0
14,0.015,0.015,0.015,0
15,0.016,0.016,0.016,0
16,0.017,0.017,0.017,0
17,0.018,0.018,0.018,0
18,0.019,0.019,0.019,0
19,0.02,0.02,0.02,0
20,0.023,0.023,0.023,0
21,0.026,0.026,0.026,0
22,0.028,0.028,0.028,0
23,0.03,0.03,0.03,0
24,0.031,0.031,0.031,0
25,0.032,0.032,0.032,0
26,0.033,0.033,0.033,0
27,0.037,0.037,0.037,0
28,0.038,0.038,0.038,0
29,0.042,0.042,0.042,0
30,0.046,0.046,0.046,0
31,0.052,0.052,0.052,0
32,0.054,0.054,0.054,0
33,0.055,0.055,0.055,0
34,0.057,0.057,0.057,0
35,0.06,0.06,0.06,0
36,0.061,0.061,0.061,0
37,0.065,0.065,0.065,0
38,0.066,0.066,0.066,0
39,0.073,0.073,0.073,0
40,0.078,0.078,0.078,0
41,0.082,0.082,0.082,0
42,0.088,0.088,0.088,0
43,0.089,0.089,0.089,0
44,0.09,0.09,0.09,0
45,0.1,0.1,0.1,0
46,0.103,0.103,0.103,0
47,0.104,0.104,0.104,0
48,0.112,0.112,0.112,0
49,0.12,0.12,0.12,0
50,0.129,0.129,0.129,0
51,0.137,0.137,0.137,0
52,0.138,0.138,0.138,0
53,0.147,0.147,0.147,0
54,0.151,0.151,0.151,0
55,0.153,0.153,0.153,0
56,0.155,0.155,0.155,0
57,0.162,0.162,0.162,0
58,0.167,0.167,0.167,0
59,0.169,0.169,0.169,0
60,0.172,0.172,0.172,0
61,0.181,0.181,0.181,0
62,0.183,0.183,0.183,0
63,0.188,0.188,0.188,0
64,0.192,0.192,0.192,0
65,0.194,0.194,0.194,0
66,0.206,0.206,0.206,0
67,0.209,0.209,0.209,0
68,0.21,0.21,0.21,0
69,0.216,0.216,0.216,0
70,0.225,0.225,0.225,0
71,0.227,0.227,0.227,0
72,0.23,0.23,0.23,0
73,0.234,0.234,0.234,0
74,0.235,0.235,0.235,0
75,0.243,0.243,0.243,0
76,0.246,0.246,0.246,0
77,0.26,0.26,0.26,0
78,0.268,0.268,0.268,0
79,0.269,0.269,0.269,0
80,0.27,0.27,0.27,0
81,0.273,0.273,0.273,0
82,0.275,0.275,0.275,0
83,0.278,0.278,0.278,0
84,0.282,0.282,0.282,0
85,0.288,0.288,0.288,0
86,0.289,0.289,0.289,0
87,0.29,0.29,0.29,0
88,0.293,0.293,0.293,0
89,0.3,0.3,0.3,0
90,0.308,0.308,0.308,0
91,0.325,0.325,0.325,0
92,0.347,0.347,0.347,0
93,0.348,0.348,0.348,0
94,0.351,0.351,0.351,0
95,0.353,0.353,0.353,0
96,0.355,0.355,0.355,0
97,0.356,0.356,0.356,0
98,0.358,0.358,0.358,0
99,0.359,0.359,0.359,0
100,0.365,0.365,0.365,0
101,0.367,0.367,0.367,0
102,0.372,0.372,0.372,0
103,0.394,0.394,0.394,0
104,0.404,0.404,0.404,0
105,0.413,0.413,0.413,0
106,0.414,0.414,0.414,0
107,0.425,0.425,0.425,0
108,0.434,0.434,0.434,0
109,0.447,0.447,0.447,0
110,0.473,0.473,0.473,0
111,0.482,0.482,0.482,0
112,0.493,0.493,0.493,0
113,0.494,0.494,0.494,0
114,0.502,0.502,0.502,0
115,0.521,0.521,0.521,0
116,0.53,0.53,0.53,0
117,0.537,0.537,0.537,0
118,0.539,0.539,0.539,0
119,0.549,0.549,0.549,0
120,0.55,0.55,0.55,0
121,0.563,0.563,0.563,0
122,0.569,0.569,0.569,0
123,0.57,0.57,0.57,0
124,0.571,0.571,0.571,0
125,0.603,0.603,0.603,0
126,0.606,0.606,0.606,0
127,0.622,0.622,0.622,0
128,0.625,0.625,0.625,0
129,0.633,0.633,0.633,0
130,0.644,0.644,0.644,0
131,0.664,0.664,0.664,0
132,0.665,0.665,0.665,0
133,0.694,0.694,0.694,0
134,0.697,0.697,0.697,0
135,0.719,0.719,0.719,0
136,0.739,0.739,0.739,0
137,0.761,0.761,0.761,0
138,0.788,0.788,0.788,0
139,0.789,0.789,0.789,0
140,0.814,0.814,0.814,0
141,0.862,0.862,0.862,0
142,0.876,0.876,0.876,0
143,0.883,0.883,0.883,0
144,0.921,0.921,0.921,0
145,0.931,0.931,0.931,0
146,0.941,0.941,0.941,0
147,1.0,1.0,1.0,0
