EventId,SummaryId,SampleId,Loss,ImpactedExposure
1,1,-4,2422140.00,3359485984768.00
1,1,-1,108181200896.00,3359485984768.00
1,1,1,106298818560.00,3359485984768.00
1,1,2,109094363136.00,3359485984768.00
1,1,3,107030421504.00,3359485984768.00
1,1,4,107927855104.00,3359485984768.00
1,1,5,110454980608.00,3359485984768.00
1,1,6,106361634816.00,3359485984768.00
1,1,7,105751715840.00,3359485984768.00
1,1,8,108409618432.00,3359485984768.00
1,1,9,111059910656.00,3359485984768.00
1,1,10,108580028416.00,3359485984768.00
2,1,-4,2422140.00,3359485984768.00
2,1,-1,141882310656.00,3359485984768.00
2,1,1,141656752128.00,3359485984768.00
2,1,2,143933407232.00,3359485984768.00
2,1,3,140819120128.00,3359485984768.00
2,1,4,143172091904.00,3359485984768.00
2,1,5,142354464768.00,3359485984768.00
2,1,6,142026932224.00,3359485984768.00
2,1,7,143647817728.00,3359485984768.00
2,1,8,143563964416.00,3359485984768.00
2,1,9,143915909120.00,3359485984768.00
2,1,10,143170764800.00,3359485984768.00
3,1,-4,2422140.00,3359485984768.00
3,1,-1,134991413248.00,3359485984768.00
3,1,1,135085678592.00,3359485984768.00
3,1,2,136349401088.00,3359485984768.00
3,1,3,135407140864.00,3359485984768.00
3,1,4,135443578880.00,3359485984768.00
3,1,5,135871143936.00,3359485984768.00
3,1,6,135226925056.00,3359485984768.00
3,1,7,134749364224.00,3359485984768.00
3,1,8,135478992896.00,3359485984768.00
3,1,9,136650194944.00,3359485984768.00
3,1,10,134436651008.00,3359485984768.00
4,1,-4,2422140.00,3359485984768.00
4,1,-1,298689691648.00,3359485984768.00
4,1,1,297787916288.00,3359485984768.00
4,1,2,300038782976.00,3359485984768.00
4,1,3,300905431040.00,3359485984768.00
4,1,4,297878454272.00,3359485984768.00
4,1,5,299828674560.00,3359485984768.00
4,1,6,299100536832.00,3359485984768.00
4,1,7,298345365504.00,3359485984768.00
4,1,8,297169911808.00,3359485984768.00
4,1,9,304098050048.00,3359485984768.00
4,1,10,299840274432.00,3359485984768.00
5,1,-4,2422140.00,3359485984768.00
5,1,-1,308468056064.00,3359485984768.00
5,1,1,311437131776.00,3359485984768.00
5,1,2,306815926272.00,3359485984768.00
5,1,3,310548660224.00,3359485984768.00
5,1,4,307753189376.00,3359485984768.00
5,1,5,306896371712.00,3359485984768.00
5,1,6,311775592448.00,3359485984768.00
5,1,7,307016040448.00,3359485984768.00
5,1,8,308996734976.00,3359485984768.00
5,1,9,311099981824.00,3359485984768.00
5,1,10,307471384576.00,3359485984768.00
6,1,-4,2410585.00,3343687876608.00
6,1,-1,78158640.00,3343687876608.00
6,1,1,51389796.00,3343687876608.00
6,1,2,89238240.00,3343687876608.00
6,1,3,69617640.00,3343687876608.00
6,1,4,60085608.00,3343687876608.00
6,1,5,103797112.00,3343687876608.00
6,1,6,64756256.00,3343687876608.00
6,1,7,68237728.00,3343687876608.00
6,1,8,90463936.00,3343687876608.00
6,1,9,96576512.00,3343687876608.00
6,1,10,89265664.00,3343687876608.00
7,1,-4,2422140.00,3359485984768.00
7,1,-1,7697518080.00,3359485984768.00
7,1,1,7926568448.00,3359485984768.00
7,1,2,7591256576.00,3359485984768.00
7,1,3,7876425216.00,3359485984768.00
7,1,4,8044342784.00,3359485984768.00
7,1,5,7832184320.00,3359485984768.00
7,1,6,8041618944.00,3359485984768.00
7,1,7,7011195904.00,3359485984768.00
7,1,8,7734573568.00,3359485984768.00
7,1,9,7134074880.00,3359485984768.00
7,1,10,7110437376.00,3359485984768.00
8,1,-4,2422140.00,3359485984768.00
8,1,-1,82164572160.00,3359485984768.00
8,1,1,82128248832.00,3359485984768.00
8,1,2,83774054400.00,3359485984768.00
8,1,3,83012255744.00,3359485984768.00
8,1,4,82925969408.00,3359485984768.00
8,1,5,82272256000.00,3359485984768.00
8,1,6,81794506752.00,3359485984768.00
8,1,7,82878767104.00,3359485984768.00
8,1,8,82482421760.00,3359485984768.00
8,1,9,80561446912.00,3359485984768.00
8,1,10,81803780096.00,3359485984768.00
