EventId,SummaryId,SampleType,EventRate,ChanceOfLoss,MeanLoss,SDLoss,MaxLoss,FootprintExposure,MeanImpactedExposure,MaxImpactedExposure
1,1,1,nan,0.000000,16866761728.000000,0.000000,1338586169344.000000,1366302654464.000000,1366302654464.000000,1366302654464.000000
1,1,2,nan,1.000000,16887886848.000000,25858338.000000,1338586169344.000000,1366302654464.000000,1366302654464.000000,1366302654464.000000
1,2,1,nan,0.000000,6844402176.000000,0.000000,812616384512.000000,860904488960.000000,860904488960.000000,860904488960.000000
1,2,2,nan,1.000000,6834519552.000000,35817368.000000,812616384512.000000,860904488960.000000,860904488960.000000,860904488960.000000
1,3,1,nan,0.000000,11858496512.000000,0.000000,380177874944.000000,382492377088.000000,382492377088.000000,382492377088.000000
1,3,2,nan,1.000000,11866629120.000000,325204640.000000,380177874944.000000,382492377088.000000,382492377088.000000,382492377088.000000
1,4,1,nan,0.000000,8123563520.000000,0.000000,470326575104.000000,472455184384.000000,472455184384.000000,472455184384.000000
1,4,2,nan,1.000000,8008645632.000000,371802720.000000,470326575104.000000,472455184384.000000,472455184384.000000,472455184384.000000
1,5,1,nan,0.000000,1670414208.000000,0.000000,236101648384.000000,244157349888.000000,244157349888.000000,244157349888.000000
1,5,2,nan,1.000000,1669167104.000000,131155176.000000,236101648384.000000,244157349888.000000,244157349888.000000,244157349888.000000
1,6,1,nan,0.000000,235963504.000000,0.000000,21802125312.000000,27646519296.000000,27646519296.000000,27646519296.000000
1,6,2,nan,1.000000,229882688.000000,69049816.000000,21802125312.000000,27646519296.000000,27646519296.000000,27646519296.000000
2,1,1,nan,0.000000,20103600128.000000,0.000000,1306701201408.000000,1366302654464.000000,1366302654464.000000,1366302654464.000000
2,1,2,nan,1.000000,20261791744.000000,48956328.000000,1306701201408.000000,1366302654464.000000,1366302654464.000000,1366302654464.000000
2,2,1,nan,0.000000,9333176320.000000,0.000000,784267345920.000000,860904488960.000000,860904488960.000000,860904488960.000000
2,2,2,nan,1.000000,9342414848.000000,75176720.000000,784267345920.000000,860904488960.000000,860904488960.000000,860904488960.000000
2,3,1,nan,0.000000,13703402496.000000,0.000000,378824556544.000000,382492377088.000000,382492377088.000000,382492377088.000000
2,3,2,nan,1.000000,13779612672.000000,417692512.000000,378824556544.000000,382492377088.000000,382492377088.000000,382492377088.000000
2,4,1,nan,0.000000,11875488768.000000,0.000000,467753140224.000000,472455184384.000000,472455184384.000000,472455184384.000000
2,4,2,nan,1.000000,11757479936.000000,916683392.000000,467753140224.000000,472455184384.000000,472455184384.000000,472455184384.000000
2,5,1,nan,0.000000,2929138432.000000,0.000000,234860314624.000000,244157349888.000000,244157349888.000000,244157349888.000000
2,5,2,nan,1.000000,2919134976.000000,233193200.000000,234860314624.000000,244157349888.000000,244157349888.000000,244157349888.000000
2,6,1,nan,0.000000,494264864.000000,0.000000,20832454656.000000,27646519296.000000,27646519296.000000,27646519296.000000
2,6,2,nan,1.000000,507478688.000000,55825564.000000,20832454656.000000,27646519296.000000,27646519296.000000,27646519296.000000
3,1,1,nan,0.000000,29511081984.000000,0.000000,1366297411584.000000,1366302654464.000000,1366302654464.000000,1366302654464.000000
3,1,2,nan,1.000000,29508327424.000000,88837880.000000,1366297411584.000000,1366302654464.000000,1366302654464.000000,1366302654464.000000
3,2,1,nan,0.000000,17766854656.000000,0.000000,851699367936.000000,860904488960.000000,860904488960.000000,860904488960.000000
3,2,2,nan,1.000000,17776644096.000000,90450976.000000,851699367936.000000,860904488960.000000,860904488960.000000,860904488960.000000
3,3,1,nan,0.000000,13044232192.000000,0.000000,382492377088.000000,382492377088.000000,382492377088.000000,382492377088.000000
3,3,2,nan,1.000000,13027011584.000000,212190160.000000,382492377088.000000,382492377088.000000,382492377088.000000,382492377088.000000
3,4,1,nan,0.000000,12899423232.000000,0.000000,472455184384.000000,472455184384.000000,472455184384.000000,472455184384.000000
3,4,2,nan,1.000000,12867055616.000000,446292608.000000,472455184384.000000,472455184384.000000,472455184384.000000,472455184384.000000
3,5,1,nan,0.000000,4612012544.000000,0.000000,243184730112.000000,244157349888.000000,244157349888.000000,244157349888.000000
3,5,2,nan,1.000000,4732816896.000000,502168448.000000,243184730112.000000,244157349888.000000,244157349888.000000,244157349888.000000
3,6,1,nan,0.000000,852451520.000000,0.000000,24294103040.000000,27646519296.000000,27646519296.000000,27646519296.000000
3,6,2,nan,1.000000,832112768.000000,109237280.000000,24294103040.000000,27646519296.000000,27646519296.000000,27646519296.000000
4,1,1,nan,0.000000,53704757248.000000,0.000000,1366277226496.000000,1366302654464.000000,1366302654464.000000,1366302654464.000000
4,1,2,nan,1.000000,53718544384.000000,94755544.000000,1366277226496.000000,1366302654464.000000,1366302654464.000000,1366302654464.000000
4,2,1,nan,0.000000,39461580800.000000,0.000000,856559517696.000000,860904488960.000000,860904488960.000000,860904488960.000000
4,2,2,nan,1.000000,39460474880.000000,137062624.000000,856559517696.000000,860904488960.000000,860904488960.000000,860904488960.000000
4,3,1,nan,0.000000,24445069312.000000,0.000000,382492377088.000000,382492377088.000000,382492377088.000000,382492377088.000000
4,3,2,nan,1.000000,24406507520.000000,404621728.000000,382492377088.000000,382492377088.000000,382492377088.000000,382492377088.000000
4,4,1,nan,0.000000,29457354752.000000,0.000000,472452595712.000000,472455184384.000000,472455184384.000000,472455184384.000000
4,4,2,nan,1.000000,29529391104.000000,1087061248.000000,472452595712.000000,472455184384.000000,472455184384.000000,472455184384.000000
4,5,1,nan,0.000000,9218387968.000000,0.000000,244135886848.000000,244157349888.000000,244157349888.000000,244157349888.000000
4,5,2,nan,1.000000,9328257024.000000,551733184.000000,244135886848.000000,244157349888.000000,244157349888.000000,244157349888.000000
4,6,1,nan,0.000000,1230902656.000000,0.000000,26105200640.000000,27646519296.000000,27646519296.000000,27646519296.000000
4,6,2,nan,1.000000,1237913856.000000,117143840.000000,26105200640.000000,27646519296.000000,27646519296.000000,27646519296.000000
5,1,1,nan,0.000000,61744959488.000000,0.000000,1366007218176.000000,1366302654464.000000,1366302654464.000000,1366302654464.000000
5,1,2,nan,1.000000,61731442688.000000,107075136.000000,1366007218176.000000,1366302654464.000000,1366302654464.000000,1366302654464.000000
5,2,1,nan,0.000000,40300703744.000000,0.000000,857367642112.000000,860904488960.000000,860904488960.000000,860904488960.000000
5,2,2,nan,1.000000,40285409280.000000,191924112.000000,857367642112.000000,860904488960.000000,860904488960.000000,860904488960.000000
5,3,1,nan,0.000000,29004111872.000000,0.000000,382482677760.000000,382492377088.000000,382492377088.000000,382492377088.000000
5,3,2,nan,1.000000,29067708416.000000,409919200.000000,382482677760.000000,382492377088.000000,382492377088.000000,382492377088.000000
5,4,1,nan,0.000000,36796174336.000000,0.000000,472431067136.000000,472455184384.000000,472455184384.000000,472455184384.000000
5,4,2,nan,1.000000,36571000832.000000,680103360.000000,472431067136.000000,472455184384.000000,472455184384.000000,472455184384.000000
5,5,1,nan,0.000000,16462780416.000000,0.000000,243975553024.000000,244157349888.000000,244157349888.000000,244157349888.000000
5,5,2,nan,1.000000,16346994688.000000,450828096.000000,243975553024.000000,244157349888.000000,244157349888.000000,244157349888.000000
5,6,1,nan,0.000000,2702928640.000000,0.000000,27131416576.000000,27646519296.000000,27646519296.000000,27646519296.000000
5,6,2,nan,1.000000,2696335104.000000,263276256.000000,27131416576.000000,27646519296.000000,27646519296.000000,27646519296.000000
6,1,1,nan,0.000000,130851680.000000,0.000000,783436349440.000000,1366302654464.000000,1366302654464.000000,1366302654464.000000
6,1,2,nan,1.000000,130167400.000000,2939822.250000,783436349440.000000,1366302654464.000000,1366302654464.000000,1366302654464.000000
6,2,1,nan,0.000000,35753408.000000,0.000000,289213775872.000000,860904488960.000000,860904488960.000000,860904488960.000000
6,2,2,nan,1.000000,35678228.000000,1752044.125000,289213775872.000000,860904488960.000000,860904488960.000000,860904488960.000000
6,3,1,nan,0.000000,90110200.000000,0.000000,187019558912.000000,382492377088.000000,382492377088.000000,382492377088.000000
6,3,2,nan,1.000000,101781144.000000,22251146.000000,187019558912.000000,382492377088.000000,382492377088.000000,382492377088.000000
6,4,1,nan,0.000000,63093224.000000,0.000000,240423190528.000000,472455184384.000000,472455184384.000000,472455184384.000000
6,4,2,nan,1.000000,66161920.000000,21732868.000000,240423190528.000000,472455184384.000000,472455184384.000000,472455184384.000000
6,5,1,nan,0.000000,13155112.000000,0.000000,66018476032.000000,244157349888.000000,244157349888.000000,244157349888.000000
6,5,2,nan,1.000000,10464810.000000,3641882.000000,66018476032.000000,244157349888.000000,244157349888.000000,244157349888.000000
6,6,1,nan,0.000000,7935396.500000,0.000000,13437292544.000000,27646519296.000000,27646519296.000000,27646519296.000000
6,6,2,nan,1.000000,5742899.500000,5903516.000000,13437292544.000000,27646519296.000000,27646519296.000000,27646519296.000000
7,1,1,nan,0.000000,2139969408.000000,0.000000,1293073776640.000000,1366302654464.000000,1366302654464.000000,1366302654464.000000
7,1,2,nan,1.000000,2139109632.000000,10913784.000000,1293073776640.000000,1366302654464.000000,1366302654464.000000,1366302654464.000000
7,2,1,nan,0.000000,1017847936.000000,0.000000,769460207616.000000,860904488960.000000,860904488960.000000,860904488960.000000
7,2,2,nan,1.000000,1018659840.000000,19910698.000000,769460207616.000000,860904488960.000000,860904488960.000000,860904488960.000000
7,3,1,nan,0.000000,1539920640.000000,0.000000,382043717632.000000,382492377088.000000,382492377088.000000,382492377088.000000
7,3,2,nan,1.000000,1550184192.000000,42992044.000000,382043717632.000000,382492377088.000000,382492377088.000000,382492377088.000000
7,4,1,nan,0.000000,1292916736.000000,0.000000,459011719168.000000,472455184384.000000,472455184384.000000,472455184384.000000
7,4,2,nan,1.000000,1264479232.000000,146147984.000000,459011719168.000000,472455184384.000000,472455184384.000000,472455184384.000000
7,5,1,nan,0.000000,503963616.000000,0.000000,231048019968.000000,244157349888.000000,244157349888.000000,244157349888.000000
7,5,2,nan,1.000000,484738336.000000,39414116.000000,231048019968.000000,244157349888.000000,244157349888.000000,244157349888.000000
7,6,1,nan,0.000000,62502400.000000,0.000000,17611964416.000000,27646519296.000000,27646519296.000000,27646519296.000000
7,6,2,nan,1.000000,50489248.000000,12772968.000000,17611964416.000000,27646519296.000000,27646519296.000000,27646519296.000000
8,1,1,nan,0.000000,30465163264.000000,0.000000,1366302654464.000000,1366302654464.000000,1366302654464.000000,1366302654464.000000
8,1,2,nan,1.000000,30449137664.000000,96705928.000000,1366302654464.000000,1366302654464.000000,1366302654464.000000,1366302654464.000000
8,2,1,nan,0.000000,17081024512.000000,0.000000,855512186880.000000,860904488960.000000,860904488960.000000,860904488960.000000
8,2,2,nan,1.000000,17091143680.000000,85384488.000000,855512186880.000000,860904488960.000000,860904488960.000000,860904488960.000000
8,3,1,nan,0.000000,14850511872.000000,0.000000,382492377088.000000,382492377088.000000,382492377088.000000,382492377088.000000
8,3,2,nan,1.000000,14871239680.000000,354792256.000000,382492377088.000000,382492377088.000000,382492377088.000000,382492377088.000000
8,4,1,nan,0.000000,12964986880.000000,0.000000,472455184384.000000,472455184384.000000,472455184384.000000,472455184384.000000
8,4,2,nan,1.000000,13112413184.000000,722725184.000000,472455184384.000000,472455184384.000000,472455184384.000000,472455184384.000000
8,5,1,nan,0.000000,3871711744.000000,0.000000,244133691392.000000,244157349888.000000,244157349888.000000,244157349888.000000
8,5,2,nan,1.000000,3931959552.000000,252790544.000000,244133691392.000000,244157349888.000000,244157349888.000000,244157349888.000000
8,6,1,nan,0.000000,418261888.000000,0.000000,25909790720.000000,27646519296.000000,27646519296.000000,27646519296.000000
8,6,2,nan,1.000000,421455296.000000,71295840.000000,25909790720.000000,27646519296.000000,27646519296.000000,27646519296.000000
