SummaryId,EPCalc,EPType,ReturnPeriod,Loss
1,1,1,1000.000000,308468056064.000000
1,1,1,500.000000,308468056064.000000
1,1,1,250.000000,308468056064.000000
1,1,1,200.000000,308468056064.000000
1,1,1,100.000000,298689691648.000000
1,1,1,50.000000,141882310656.000000
1,1,1,25.000000,141882310656.000000
1,1,1,10.000000,108181200896.000000
1,1,2,1000.000000,308468056064.000000
1,1,2,500.000000,308468056064.000000
1,1,2,250.000000,308468056064.000000
1,1,2,200.000000,308468056064.000000
1,1,2,100.000000,304419799040.000000
1,1,2,50.000000,224483917824.000000
1,1,2,25.000000,183183114240.000000
1,1,2,10.000000,142825832448.000000
1,1,3,1000.000000,416649248768.000000
1,1,3,500.000000,308468056064.000000
1,1,3,250.000000,308468056064.000000
1,1,3,200.000000,308468056064.000000
1,1,3,100.000000,298689691648.000000
1,1,3,50.000000,141882310656.000000
1,1,3,25.000000,141882310656.000000
1,1,3,10.000000,108181200896.000000
1,1,4,1000.000000,439713267712.000000
1,1,4,500.000000,399460466688.000000
1,1,4,250.000000,353964261376.000000
1,1,4,200.000000,344865013760.000000
1,1,4,100.000000,323552935936.000000
1,1,4,50.000000,278467215360.000000
1,1,4,25.000000,210174771200.000000
1,1,4,10.000000,155181252608.000000
1,2,1,1000.000000,311437131776.000000
1,2,1,500.000000,310548660224.000000
1,2,1,250.000000,307471384576.000000
1,2,1,200.000000,306896371712.000000
1,2,1,100.000000,297169911808.000000
1,2,1,50.000000,143647817728.000000
1,2,1,25.000000,141656752128.000000
1,2,1,10.000000,107927855104.000000
1,2,2,1000.000000,311635476480.000000
1,2,2,500.000000,311330013184.000000
1,2,2,250.000000,309930098688.000000
1,2,2,200.000000,309349089280.000000
1,2,2,100.000000,305095245824.000000
1,2,2,50.000000,225776304128.000000
1,2,2,25.000000,184307007488.000000
1,2,2,10.000000,143797469184.000000
1,2,3,1000.000000,412767748096.000000
1,2,3,500.000000,311775592448.000000
1,2,3,250.000000,308996734976.000000
1,2,3,200.000000,307471384576.000000
1,2,3,100.000000,297787916288.000000
1,2,3,50.000000,143933407232.000000
1,2,3,25.000000,142354464768.000000
1,2,3,10.000000,107927855104.000000
1,2,4,1000.000000,440832229376.000000
1,2,4,500.000000,400646569984.000000
1,2,4,250.000000,355755360256.000000
1,2,4,200.000000,346207846400.000000
1,2,4,100.000000,324332683264.000000
1,2,4,50.000000,279057498112.000000
1,2,4,25.000000,211272679424.000000
1,2,4,10.000000,156128608256.000000
1,4,1,1000.000000,308981071872.000000
1,4,1,500.000000,308981071872.000000
1,4,1,250.000000,308981071872.000000
1,4,1,200.000000,308981071872.000000
1,4,1,100.000000,299499356160.000000
1,4,1,50.000000,142826110976.000000
1,4,1,25.000000,142826110976.000000
1,4,1,10.000000,108096946176.000000
1,4,2,1000.000000,308981071872.000000
1,4,2,500.000000,308981071872.000000
1,4,2,250.000000,308981071872.000000
1,4,2,200.000000,308981071872.000000
1,4,2,100.000000,305055629312.000000
1,4,2,50.000000,225272594432.000000
1,4,2,25.000000,184049352704.000000
1,4,2,10.000000,143239233536.000000
1,4,3,1000.000000,417078018048.000000
1,4,3,500.000000,308981071872.000000
1,4,3,250.000000,308981071872.000000
1,4,3,200.000000,308981071872.000000
1,4,3,100.000000,299499356160.000000
1,4,3,50.000000,142826110976.000000
1,4,3,25.000000,142826110976.000000
1,4,3,10.000000,108096946176.000000
1,4,4,1000.000000,440705449984.000000
1,4,4,500.000000,400255680512.000000
1,4,4,250.000000,354618376192.000000
1,4,4,200.000000,345490915328.000000
1,4,4,100.000000,324217176064.000000
1,4,4,50.000000,279036919808.000000
1,4,4,25.000000,210931515392.000000
1,4,4,10.000000,155599831040.000000
